lookup-8, 32, 100000000, 1.209862
lookup-64, 32, 100000000, 1.177143
bit-parallel, 32, 100000000, 1.278635
bit-parallel-optimized, 32, 100000000, 0.920354
bit-parallel-mul, 32, 100000000, 0.754337
bit-parallel32, 32, 100000000, 1.823230
bit-parallel-optimized32, 32, 100000000, 1.406093
harley-seal, 32, 100000000, 1.009681
sse-bit-parallel, 32, 100000000, 1.718599
sse-bit-parallel-original, 32, 100000000, 1.068957
sse-bit-parallel-better, 32, 100000000, 2.610932
sse-harley-seal, 32, 100000000, 1.071450
sse-lookup, 32, 100000000, 0.503920
sse-lookup-original, 32, 100000000, 1.799690
avx2-lookup, 32, 100000000, 0.456734
avx2-lookup-original, 32, 100000000, 1.588239
avx2-harley-seal, 32, 100000000, 1.040571
cpu, 32, 100000000, 0.323440
sse-cpu, 32, 100000000, 2.308668
avx2-cpu, 32, 100000000, 2.270988
avx512-harley-seal, 32, 100000000, 3.370778
avx512bw-shuf, 32, 100000000, 2.575346
avx512vbmi-shuf, 32, 100000000, 2.517798
builtin-popcnt, 32, 100000000, 0.228027
builtin-popcnt32, 32, 100000000, 0.462202
builtin-popcnt-unrolled, 32, 100000000, 0.251629
builtin-popcnt-unrolled32, 32, 100000000, 0.425634
builtin-popcnt-unrolled-errata, 32, 100000000, 0.283018
builtin-popcnt-unrolled-errata-manual, 32, 100000000, 0.314446
builtin-popcnt-movdq, 32, 100000000, 0.220219
builtin-popcnt-movdq-unrolled, 32, 100000000, 0.324869
builtin-popcnt-movdq-unrolled_manual, 32, 100000000, 0.361685
lookup-8, 64, 50000000, 1.100750
lookup-64, 64, 50000000, 1.106125
bit-parallel, 64, 50000000, 1.148752
bit-parallel-optimized, 64, 50000000, 0.785470
bit-parallel-mul, 64, 50000000, 0.681119
bit-parallel32, 64, 50000000, 1.747594
bit-parallel-optimized32, 64, 50000000, 1.334193
harley-seal, 64, 50000000, 0.829822
sse-bit-parallel, 64, 50000000, 1.864065
sse-bit-parallel-original, 64, 50000000, 0.692392
sse-bit-parallel-better, 64, 50000000, 1.993947
sse-harley-seal, 64, 50000000, 0.690152
sse-lookup, 64, 50000000, 0.317068
sse-lookup-original, 64, 50000000, 0.617459
avx2-lookup, 64, 50000000, 0.293025
avx2-lookup-original, 64, 50000000, 0.937185
avx2-harley-seal, 64, 50000000, 0.600046
cpu, 64, 50000000, 0.234251
sse-cpu, 64, 50000000, 0.235720
avx2-cpu, 64, 50000000, 1.846628
avx512-harley-seal, 64, 50000000, 0.717512
avx512bw-shuf, 64, 50000000, 2.020474
avx512vbmi-shuf, 64, 50000000, 1.992578
builtin-popcnt, 64, 50000000, 0.282887
builtin-popcnt32, 64, 50000000, 0.474861
builtin-popcnt-unrolled, 64, 50000000, 0.175832
builtin-popcnt-unrolled32, 64, 50000000, 0.354212
builtin-popcnt-unrolled-errata, 64, 50000000, 0.204523
builtin-popcnt-unrolled-errata-manual, 64, 50000000, 0.219997
builtin-popcnt-movdq, 64, 50000000, 0.188735
builtin-popcnt-movdq-unrolled, 64, 50000000, 0.235881
builtin-popcnt-movdq-unrolled_manual, 64, 50000000, 0.251506
lookup-8, 128, 25000000, 1.218764
lookup-64, 128, 25000000, 1.203767
bit-parallel, 128, 25000000, 1.092167
bit-parallel-optimized, 128, 25000000, 0.736121
bit-parallel-mul, 128, 25000000, 0.642862
bit-parallel32, 128, 25000000, 1.728233
bit-parallel-optimized32, 128, 25000000, 1.299175
harley-seal, 128, 25000000, 0.512682
sse-bit-parallel, 128, 25000000, 1.050027
sse-bit-parallel-original, 128, 25000000, 0.514420
sse-bit-parallel-better, 128, 25000000, 1.102526
sse-harley-seal, 128, 25000000, 0.498152
sse-lookup, 128, 25000000, 0.212325
sse-lookup-original, 128, 25000000, 0.417615
avx2-lookup, 128, 25000000, 0.207042
avx2-lookup-original, 128, 25000000, 0.649267
avx2-harley-seal, 128, 25000000, 0.375649
cpu, 128, 25000000, 0.180909
sse-cpu, 128, 25000000, 0.196710
avx2-cpu, 128, 25000000, 0.282129
avx512-harley-seal, 128, 25000000, 0.410601
avx512bw-shuf, 128, 25000000, 1.043593
avx512vbmi-shuf, 128, 25000000, 1.092750
builtin-popcnt, 128, 25000000, 0.268378
builtin-popcnt32, 128, 25000000, 0.564949
builtin-popcnt-unrolled, 128, 25000000, 0.141753
builtin-popcnt-unrolled32, 128, 25000000, 0.319852
builtin-popcnt-unrolled-errata, 128, 25000000, 0.158047
builtin-popcnt-unrolled-errata-manual, 128, 25000000, 0.164992
builtin-popcnt-movdq, 128, 25000000, 0.178675
builtin-popcnt-movdq-unrolled, 128, 25000000, 0.190470
builtin-popcnt-movdq-unrolled_manual, 128, 25000000, 0.204764
lookup-8, 256, 12500000, 1.117663
lookup-64, 256, 12500000, 1.100183
bit-parallel, 256, 12500000, 1.064200
bit-parallel-optimized, 256, 12500000, 0.704507
bit-parallel-mul, 256, 12500000, 0.738438
bit-parallel32, 256, 12500000, 1.718443
bit-parallel-optimized32, 256, 12500000, 1.278359
harley-seal, 256, 12500000, 0.396912
sse-bit-parallel, 256, 12500000, 0.670216
sse-bit-parallel-original, 256, 12500000, 0.435910
sse-bit-parallel-better, 256, 12500000, 0.643649
sse-harley-seal, 256, 12500000, 0.237279
sse-lookup, 256, 12500000, 0.182823
sse-lookup-original, 256, 12500000, 0.328555
avx2-lookup, 256, 12500000, 0.141614
avx2-lookup-original, 256, 12500000, 0.419220
avx2-harley-seal, 256, 12500000, 0.264551
cpu, 256, 12500000, 0.169058
sse-cpu, 256, 12500000, 0.177213
avx2-cpu, 256, 12500000, 0.240679
avx512-harley-seal, 256, 12500000, 0.262100
avx512bw-shuf, 256, 12500000, 0.566778
avx512vbmi-shuf, 256, 12500000, 0.548184
builtin-popcnt, 256, 12500000, 0.334138
builtin-popcnt32, 256, 12500000, 0.591633
builtin-popcnt-unrolled, 256, 12500000, 0.129659
builtin-popcnt-unrolled32, 256, 12500000, 0.306601
builtin-popcnt-unrolled-errata, 256, 12500000, 0.133662
builtin-popcnt-unrolled-errata-manual, 256, 12500000, 0.137838
builtin-popcnt-movdq, 256, 12500000, 0.180380
builtin-popcnt-movdq-unrolled, 256, 12500000, 0.165679
builtin-popcnt-movdq-unrolled_manual, 256, 12500000, 0.182862
lookup-8, 512, 10000000, 1.711409
lookup-64, 512, 10000000, 1.695244
bit-parallel, 512, 10000000, 1.692043
bit-parallel-optimized, 512, 10000000, 1.114050
bit-parallel-mul, 512, 10000000, 1.111178
bit-parallel32, 512, 10000000, 2.728048
bit-parallel-optimized32, 512, 10000000, 2.027057
harley-seal, 512, 10000000, 0.541632
sse-bit-parallel, 512, 10000000, 0.783138
sse-bit-parallel-original, 512, 10000000, 0.638113
sse-bit-parallel-better, 512, 10000000, 0.744182
sse-harley-seal, 512, 10000000, 0.297181
sse-lookup, 512, 10000000, 0.278651
sse-lookup-original, 512, 10000000, 0.444325
avx2-lookup, 512, 10000000, 0.189811
avx2-lookup-original, 512, 10000000, 0.345723
avx2-harley-seal, 512, 10000000, 0.204569
cpu, 512, 10000000, 0.261594
sse-cpu, 512, 10000000, 0.268922
avx2-cpu, 512, 10000000, 0.355867
avx512-harley-seal, 512, 10000000, 0.291447
avx512bw-shuf, 512, 10000000, 0.490833
avx512vbmi-shuf, 512, 10000000, 0.501213
builtin-popcnt, 512, 10000000, 0.401045
builtin-popcnt32, 512, 10000000, 0.899689
builtin-popcnt-unrolled, 512, 10000000, 0.204605
builtin-popcnt-unrolled32, 512, 10000000, 0.556313
builtin-popcnt-unrolled-errata, 512, 10000000, 0.251679
builtin-popcnt-unrolled-errata-manual, 512, 10000000, 0.205184
builtin-popcnt-movdq, 512, 10000000, 0.346921
builtin-popcnt-movdq-unrolled, 512, 10000000, 0.248427
builtin-popcnt-movdq-unrolled_manual, 512, 10000000, 0.279952
lookup-8, 1024, 5000000, 1.663440
lookup-64, 1024, 5000000, 1.653471
bit-parallel, 1024, 5000000, 1.664354
bit-parallel-optimized, 1024, 5000000, 1.094082
bit-parallel-mul, 1024, 5000000, 1.055831
bit-parallel32, 1024, 5000000, 2.733371
bit-parallel-optimized32, 1024, 5000000, 2.021614
harley-seal, 1024, 5000000, 0.493125
sse-bit-parallel, 1024, 5000000, 0.658730
sse-bit-parallel-original, 1024, 5000000, 0.603773
sse-bit-parallel-better, 1024, 5000000, 0.615493
sse-harley-seal, 1024, 5000000, 0.254007
sse-lookup, 1024, 5000000, 0.264272
sse-lookup-original, 1024, 5000000, 0.399612
avx2-lookup, 1024, 5000000, 0.169514
avx2-lookup-original, 1024, 5000000, 0.325120
avx2-harley-seal, 1024, 5000000, 0.155875
cpu, 1024, 5000000, 0.298495
sse-cpu, 1024, 5000000, 0.302608
avx2-cpu, 1024, 5000000, 0.340501
avx512-harley-seal, 1024, 5000000, 0.107192
avx512bw-shuf, 1024, 5000000, 0.253227
avx512vbmi-shuf, 1024, 5000000, 0.255845
builtin-popcnt, 1024, 5000000, 0.423710
builtin-popcnt32, 1024, 5000000, 0.856131
builtin-popcnt-unrolled, 1024, 5000000, 0.220863
builtin-popcnt-unrolled32, 1024, 5000000, 0.519963
builtin-popcnt-unrolled-errata, 1024, 5000000, 0.218303
builtin-popcnt-unrolled-errata-manual, 1024, 5000000, 0.222491
builtin-popcnt-movdq, 1024, 5000000, 0.316141
builtin-popcnt-movdq-unrolled, 1024, 5000000, 0.271531
builtin-popcnt-movdq-unrolled_manual, 1024, 5000000, 0.298339
lookup-8, 2048, 2500000, 1.634809
lookup-64, 2048, 2500000, 1.637561
bit-parallel, 2048, 2500000, 1.664603
bit-parallel-optimized, 2048, 2500000, 1.090651
bit-parallel-mul, 2048, 2500000, 1.034129
bit-parallel32, 2048, 2500000, 2.776405
bit-parallel-optimized32, 2048, 2500000, 2.068484
harley-seal, 2048, 2500000, 0.482768
sse-bit-parallel, 2048, 2500000, 0.573754
sse-bit-parallel-original, 2048, 2500000, 0.649999
sse-bit-parallel-better, 2048, 2500000, 0.522464
sse-harley-seal, 2048, 2500000, 0.235393
sse-lookup, 2048, 2500000, 0.262180
sse-lookup-original, 2048, 2500000, 0.473787
avx2-lookup, 2048, 2500000, 0.161533
avx2-lookup-original, 2048, 2500000, 0.231094
avx2-harley-seal, 2048, 2500000, 0.139006
cpu, 2048, 2500000, 0.275274
sse-cpu, 2048, 2500000, 0.278573
avx2-cpu, 2048, 2500000, 0.343493
avx512-harley-seal, 2048, 2500000, 0.082469
avx512bw-shuf, 2048, 2500000, 0.202559
avx512vbmi-shuf, 2048, 2500000, 0.201450
builtin-popcnt, 2048, 2500000, 0.374580
builtin-popcnt32, 2048, 2500000, 0.854320
builtin-popcnt-unrolled, 2048, 2500000, 0.214102
builtin-popcnt-unrolled32, 2048, 2500000, 0.502329
builtin-popcnt-unrolled-errata, 2048, 2500000, 0.208367
builtin-popcnt-unrolled-errata-manual, 2048, 2500000, 0.210484
builtin-popcnt-movdq, 2048, 2500000, 0.297129
builtin-popcnt-movdq-unrolled, 2048, 2500000, 0.247855
builtin-popcnt-movdq-unrolled_manual, 2048, 2500000, 0.271475
lookup-8, 4096, 1250000, 1.662785
lookup-64, 4096, 1250000, 1.637189
bit-parallel, 4096, 1250000, 1.681946
bit-parallel-optimized, 4096, 1250000, 1.102898
bit-parallel-mul, 4096, 1250000, 1.020305
bit-parallel32, 4096, 1250000, 2.734297
bit-parallel-optimized32, 4096, 1250000, 2.025887
harley-seal, 4096, 1250000, 0.457917
sse-bit-parallel, 4096, 1250000, 0.535553
sse-bit-parallel-original, 4096, 1250000, 0.640243
sse-bit-parallel-better, 4096, 1250000, 0.470845
sse-harley-seal, 4096, 1250000, 0.223607
sse-lookup, 4096, 1250000, 0.259116
sse-lookup-original, 4096, 1250000, 0.470120
avx2-lookup, 4096, 1250000, 0.155268
avx2-lookup-original, 4096, 1250000, 0.259760
avx2-harley-seal, 4096, 1250000, 0.119042
cpu, 4096, 1250000, 0.263318
sse-cpu, 4096, 1250000, 0.264829
avx2-cpu, 4096, 1250000, 0.329723
avx512-harley-seal, 4096, 1250000, 0.055596
avx512bw-shuf, 4096, 1250000, 0.162334
avx512vbmi-shuf, 4096, 1250000, 0.156403
builtin-popcnt, 4096, 1250000, 0.372055
builtin-popcnt32, 4096, 1250000, 0.843378
builtin-popcnt-unrolled, 4096, 1250000, 0.207019
builtin-popcnt-unrolled32, 4096, 1250000, 0.490117
builtin-popcnt-unrolled-errata, 4096, 1250000, 0.204989
builtin-popcnt-unrolled-errata-manual, 4096, 1250000, 0.205864
builtin-popcnt-movdq, 4096, 1250000, 0.290659
builtin-popcnt-movdq-unrolled, 4096, 1250000, 0.237298
builtin-popcnt-movdq-unrolled_manual, 4096, 1250000, 0.261223
lookup-8, 32, 100000000, 1.197306
lookup-64, 32, 100000000, 1.175999
bit-parallel, 32, 100000000, 1.260821
bit-parallel-optimized, 32, 100000000, 0.912253
bit-parallel-mul, 32, 100000000, 0.756687
bit-parallel32, 32, 100000000, 1.826996
bit-parallel-optimized32, 32, 100000000, 1.408928
harley-seal, 32, 100000000, 1.014708
sse-bit-parallel, 32, 100000000, 1.764404
sse-bit-parallel-original, 32, 100000000, 1.068952
sse-bit-parallel-better, 32, 100000000, 2.619310
sse-harley-seal, 32, 100000000, 1.070687
sse-lookup, 32, 100000000, 0.503148
sse-lookup-original, 32, 100000000, 1.012222
avx2-lookup, 32, 100000000, 0.455426
avx2-lookup-original, 32, 100000000, 1.558278
avx2-harley-seal, 32, 100000000, 1.042770
cpu, 32, 100000000, 0.314314
sse-cpu, 32, 100000000, 1.868057
avx2-cpu, 32, 100000000, 2.255956
avx512-harley-seal, 32, 100000000, 3.372364
avx512bw-shuf, 32, 100000000, 2.571167
avx512vbmi-shuf, 32, 100000000, 2.538912
builtin-popcnt, 32, 100000000, 0.221822
builtin-popcnt32, 32, 100000000, 0.462967
builtin-popcnt-unrolled, 32, 100000000, 0.251613
builtin-popcnt-unrolled32, 32, 100000000, 0.426228
builtin-popcnt-unrolled-errata, 32, 100000000, 0.283946
builtin-popcnt-unrolled-errata-manual, 32, 100000000, 0.318258
builtin-popcnt-movdq, 32, 100000000, 0.219999
builtin-popcnt-movdq-unrolled, 32, 100000000, 0.331262
builtin-popcnt-movdq-unrolled_manual, 32, 100000000, 0.361598
lookup-8, 64, 50000000, 1.102187
lookup-64, 64, 50000000, 1.099539
bit-parallel, 64, 50000000, 1.148043
bit-parallel-optimized, 64, 50000000, 0.786195
bit-parallel-mul, 64, 50000000, 0.676079
bit-parallel32, 64, 50000000, 1.767573
bit-parallel-optimized32, 64, 50000000, 1.333650
harley-seal, 64, 50000000, 0.829460
sse-bit-parallel, 64, 50000000, 1.868071
sse-bit-parallel-original, 64, 50000000, 0.691863
sse-bit-parallel-better, 64, 50000000, 1.994358
sse-harley-seal, 64, 50000000, 0.691511
sse-lookup, 64, 50000000, 0.318124
sse-lookup-original, 64, 50000000, 0.613554
avx2-lookup, 64, 50000000, 0.288730
avx2-lookup-original, 64, 50000000, 0.972735
avx2-harley-seal, 64, 50000000, 0.603695
cpu, 64, 50000000, 0.237336
sse-cpu, 64, 50000000, 0.236049
avx2-cpu, 64, 50000000, 1.842571
avx512-harley-seal, 64, 50000000, 0.715638
avx512bw-shuf, 64, 50000000, 1.992346
avx512vbmi-shuf, 64, 50000000, 2.006591
builtin-popcnt, 64, 50000000, 0.283122
builtin-popcnt32, 64, 50000000, 0.467094
builtin-popcnt-unrolled, 64, 50000000, 0.175035
builtin-popcnt-unrolled32, 64, 50000000, 0.360852
builtin-popcnt-unrolled-errata, 64, 50000000, 0.210426
builtin-popcnt-unrolled-errata-manual, 64, 50000000, 0.225126
builtin-popcnt-movdq, 64, 50000000, 0.188691
builtin-popcnt-movdq-unrolled, 64, 50000000, 0.235923
builtin-popcnt-movdq-unrolled_manual, 64, 50000000, 0.251664
lookup-8, 128, 25000000, 1.212446
lookup-64, 128, 25000000, 1.198557
bit-parallel, 128, 25000000, 1.092613
bit-parallel-optimized, 128, 25000000, 0.739408
bit-parallel-mul, 128, 25000000, 0.642503
bit-parallel32, 128, 25000000, 1.722834
bit-parallel-optimized32, 128, 25000000, 1.301733
harley-seal, 128, 25000000, 0.511449
sse-bit-parallel, 128, 25000000, 1.053820
sse-bit-parallel-original, 128, 25000000, 0.512730
sse-bit-parallel-better, 128, 25000000, 1.105329
sse-harley-seal, 128, 25000000, 0.499377
sse-lookup, 128, 25000000, 0.216956
sse-lookup-original, 128, 25000000, 0.429780
avx2-lookup, 128, 25000000, 0.206739
avx2-lookup-original, 128, 25000000, 0.659596
avx2-harley-seal, 128, 25000000, 0.376201
cpu, 128, 25000000, 0.180812
sse-cpu, 128, 25000000, 0.196569
avx2-cpu, 128, 25000000, 0.282994
avx512-harley-seal, 128, 25000000, 0.410046
avx512bw-shuf, 128, 25000000, 1.044625
avx512vbmi-shuf, 128, 25000000, 1.093119
builtin-popcnt, 128, 25000000, 0.267871
builtin-popcnt32, 128, 25000000, 0.515131
builtin-popcnt-unrolled, 128, 25000000, 0.141590
builtin-popcnt-unrolled32, 128, 25000000, 0.320333
builtin-popcnt-unrolled-errata, 128, 25000000, 0.157236
builtin-popcnt-unrolled-errata-manual, 128, 25000000, 0.168517
builtin-popcnt-movdq, 128, 25000000, 0.178491
builtin-popcnt-movdq-unrolled, 128, 25000000, 0.188660
builtin-popcnt-movdq-unrolled_manual, 128, 25000000, 0.208255
lookup-8, 256, 12500000, 1.117813
lookup-64, 256, 12500000, 1.103268
bit-parallel, 256, 12500000, 1.062407
bit-parallel-optimized, 256, 12500000, 0.706399
bit-parallel-mul, 256, 12500000, 0.741586
bit-parallel32, 256, 12500000, 1.725634
bit-parallel-optimized32, 256, 12500000, 1.276527
harley-seal, 256, 12500000, 0.397449
sse-bit-parallel, 256, 12500000, 0.673053
sse-bit-parallel-original, 256, 12500000, 0.438348
sse-bit-parallel-better, 256, 12500000, 0.656580
sse-harley-seal, 256, 12500000, 0.244348
sse-lookup, 256, 12500000, 0.182009
sse-lookup-original, 256, 12500000, 0.323876
avx2-lookup, 256, 12500000, 0.143161
avx2-lookup-original, 256, 12500000, 0.430180
avx2-harley-seal, 256, 12500000, 0.265380
cpu, 256, 12500000, 0.169161
sse-cpu, 256, 12500000, 0.177263
avx2-cpu, 256, 12500000, 0.240810
avx512-harley-seal, 256, 12500000, 0.260284
avx512bw-shuf, 256, 12500000, 0.568166
avx512vbmi-shuf, 256, 12500000, 0.552211
builtin-popcnt, 256, 12500000, 0.347380
builtin-popcnt32, 256, 12500000, 0.594646
builtin-popcnt-unrolled, 256, 12500000, 0.129756
builtin-popcnt-unrolled32, 256, 12500000, 0.306566
builtin-popcnt-unrolled-errata, 256, 12500000, 0.133773
builtin-popcnt-unrolled-errata-manual, 256, 12500000, 0.137722
builtin-popcnt-movdq, 256, 12500000, 0.180878
builtin-popcnt-movdq-unrolled, 256, 12500000, 0.167394
builtin-popcnt-movdq-unrolled_manual, 256, 12500000, 0.182872
lookup-8, 512, 10000000, 1.705346
lookup-64, 512, 10000000, 1.698699
bit-parallel, 512, 10000000, 1.692057
bit-parallel-optimized, 512, 10000000, 1.108021
bit-parallel-mul, 512, 10000000, 1.106196
bit-parallel32, 512, 10000000, 2.734885
bit-parallel-optimized32, 512, 10000000, 2.042105
harley-seal, 512, 10000000, 0.541139
sse-bit-parallel, 512, 10000000, 0.792074
sse-bit-parallel-original, 512, 10000000, 0.645778
sse-bit-parallel-better, 512, 10000000, 0.738816
sse-harley-seal, 512, 10000000, 0.297705
sse-lookup, 512, 10000000, 0.274743
sse-lookup-original, 512, 10000000, 0.431426
avx2-lookup, 512, 10000000, 0.189401
avx2-lookup-original, 512, 10000000, 0.346425
avx2-harley-seal, 512, 10000000, 0.204609
cpu, 512, 10000000, 0.261180
sse-cpu, 512, 10000000, 0.269149
avx2-cpu, 512, 10000000, 0.359584
avx512-harley-seal, 512, 10000000, 0.292540
avx512bw-shuf, 512, 10000000, 0.485509
avx512vbmi-shuf, 512, 10000000, 0.500865
builtin-popcnt, 512, 10000000, 0.394235
builtin-popcnt32, 512, 10000000, 0.900117
builtin-popcnt-unrolled, 512, 10000000, 0.204557
builtin-popcnt-unrolled32, 512, 10000000, 0.558235
builtin-popcnt-unrolled-errata, 512, 10000000, 0.204335
builtin-popcnt-unrolled-errata-manual, 512, 10000000, 0.204563
builtin-popcnt-movdq, 512, 10000000, 0.346110
builtin-popcnt-movdq-unrolled, 512, 10000000, 0.248435
builtin-popcnt-movdq-unrolled_manual, 512, 10000000, 0.279174
lookup-8, 1024, 5000000, 1.656053
lookup-64, 1024, 5000000, 1.653186
bit-parallel, 1024, 5000000, 1.666187
bit-parallel-optimized, 1024, 5000000, 1.110465
bit-parallel-mul, 1024, 5000000, 1.054191
bit-parallel32, 1024, 5000000, 2.731755
bit-parallel-optimized32, 1024, 5000000, 2.019318
harley-seal, 1024, 5000000, 0.493774
sse-bit-parallel, 1024, 5000000, 0.651171
sse-bit-parallel-original, 1024, 5000000, 0.605247
sse-bit-parallel-better, 1024, 5000000, 0.625382
sse-harley-seal, 1024, 5000000, 0.254276
sse-lookup, 1024, 5000000, 0.264434
sse-lookup-original, 1024, 5000000, 0.402163
avx2-lookup, 1024, 5000000, 0.169592
avx2-lookup-original, 1024, 5000000, 0.332464
avx2-harley-seal, 1024, 5000000, 0.155672
cpu, 1024, 5000000, 0.299231
sse-cpu, 1024, 5000000, 0.304224
avx2-cpu, 1024, 5000000, 0.340770
avx512-harley-seal, 1024, 5000000, 0.107248
avx512bw-shuf, 1024, 5000000, 0.251424
avx512vbmi-shuf, 1024, 5000000, 0.251999
builtin-popcnt, 1024, 5000000, 0.389521
builtin-popcnt32, 1024, 5000000, 0.857732
builtin-popcnt-unrolled, 1024, 5000000, 0.227570
builtin-popcnt-unrolled32, 1024, 5000000, 0.520370
builtin-popcnt-unrolled-errata, 1024, 5000000, 0.218455
builtin-popcnt-unrolled-errata-manual, 1024, 5000000, 0.222789
builtin-popcnt-movdq, 1024, 5000000, 0.316546
builtin-popcnt-movdq-unrolled, 1024, 5000000, 0.269796
builtin-popcnt-movdq-unrolled_manual, 1024, 5000000, 0.296361
lookup-8, 2048, 2500000, 1.638124
lookup-64, 2048, 2500000, 1.640430
bit-parallel, 2048, 2500000, 1.662539
bit-parallel-optimized, 2048, 2500000, 1.090043
bit-parallel-mul, 2048, 2500000, 1.033359
bit-parallel32, 2048, 2500000, 2.750569
bit-parallel-optimized32, 2048, 2500000, 2.036943
harley-seal, 2048, 2500000, 0.470341
sse-bit-parallel, 2048, 2500000, 0.574269
sse-bit-parallel-original, 2048, 2500000, 0.650170
sse-bit-parallel-better, 2048, 2500000, 0.520170
sse-harley-seal, 2048, 2500000, 0.233872
sse-lookup, 2048, 2500000, 0.265479
sse-lookup-original, 2048, 2500000, 0.482282
avx2-lookup, 2048, 2500000, 0.159925
avx2-lookup-original, 2048, 2500000, 0.231208
avx2-harley-seal, 2048, 2500000, 0.131422
cpu, 2048, 2500000, 0.275467
sse-cpu, 2048, 2500000, 0.277305
avx2-cpu, 2048, 2500000, 0.332828
avx512-harley-seal, 2048, 2500000, 0.073313
avx512bw-shuf, 2048, 2500000, 0.205622
avx512vbmi-shuf, 2048, 2500000, 0.200321
builtin-popcnt, 2048, 2500000, 0.360618
builtin-popcnt32, 2048, 2500000, 0.841784
builtin-popcnt-unrolled, 2048, 2500000, 0.209903
builtin-popcnt-unrolled32, 2048, 2500000, 0.503254
builtin-popcnt-unrolled-errata, 2048, 2500000, 0.208448
builtin-popcnt-unrolled-errata-manual, 2048, 2500000, 0.210427
builtin-popcnt-movdq, 2048, 2500000, 0.297137
builtin-popcnt-movdq-unrolled, 2048, 2500000, 0.247688
builtin-popcnt-movdq-unrolled_manual, 2048, 2500000, 0.271709
lookup-8, 4096, 1250000, 1.635675
lookup-64, 4096, 1250000, 1.646539
bit-parallel, 4096, 1250000, 1.670003
bit-parallel-optimized, 4096, 1250000, 1.103246
bit-parallel-mul, 4096, 1250000, 1.022182
bit-parallel32, 4096, 1250000, 2.734878
bit-parallel-optimized32, 4096, 1250000, 2.027165
harley-seal, 4096, 1250000, 0.459265
sse-bit-parallel, 4096, 1250000, 0.535238
sse-bit-parallel-original, 4096, 1250000, 0.639772
sse-bit-parallel-better, 4096, 1250000, 0.474787
sse-harley-seal, 4096, 1250000, 0.223260
sse-lookup, 4096, 1250000, 0.258563
sse-lookup-original, 4096, 1250000, 0.468996
avx2-lookup, 4096, 1250000, 0.155900
avx2-lookup-original, 4096, 1250000, 0.261598
avx2-harley-seal, 4096, 1250000, 0.121170
cpu, 4096, 1250000, 0.263041
sse-cpu, 4096, 1250000, 0.264644
avx2-cpu, 4096, 1250000, 0.329008
avx512-harley-seal, 4096, 1250000, 0.055730
avx512bw-shuf, 4096, 1250000, 0.162069
avx512vbmi-shuf, 4096, 1250000, 0.153297
builtin-popcnt, 4096, 1250000, 0.335254
builtin-popcnt32, 4096, 1250000, 0.840713
builtin-popcnt-unrolled, 4096, 1250000, 0.207440
builtin-popcnt-unrolled32, 4096, 1250000, 0.489644
builtin-popcnt-unrolled-errata, 4096, 1250000, 0.204802
builtin-popcnt-unrolled-errata-manual, 4096, 1250000, 0.205714
builtin-popcnt-movdq, 4096, 1250000, 0.291296
builtin-popcnt-movdq-unrolled, 4096, 1250000, 0.237207
builtin-popcnt-movdq-unrolled_manual, 4096, 1250000, 0.260683
lookup-8, 32, 100000000, 1.194638
lookup-64, 32, 100000000, 1.167387
bit-parallel, 32, 100000000, 1.257155
bit-parallel-optimized, 32, 100000000, 0.911122
bit-parallel-mul, 32, 100000000, 0.753983
bit-parallel32, 32, 100000000, 1.822151
bit-parallel-optimized32, 32, 100000000, 1.409496
harley-seal, 32, 100000000, 1.008826
sse-bit-parallel, 32, 100000000, 1.826172
sse-bit-parallel-original, 32, 100000000, 1.069886
sse-bit-parallel-better, 32, 100000000, 2.610521
sse-harley-seal, 32, 100000000, 1.071438
sse-lookup, 32, 100000000, 0.502739
sse-lookup-original, 32, 100000000, 1.005386
avx2-lookup, 32, 100000000, 0.455821
avx2-lookup-original, 32, 100000000, 1.531839
avx2-harley-seal, 32, 100000000, 1.036790
cpu, 32, 100000000, 0.314409
sse-cpu, 32, 100000000, 1.837791
avx2-cpu, 32, 100000000, 2.258638
avx512-harley-seal, 32, 100000000, 3.625371
avx512bw-shuf, 32, 100000000, 2.568080
avx512vbmi-shuf, 32, 100000000, 2.520435
builtin-popcnt, 32, 100000000, 0.230757
builtin-popcnt32, 32, 100000000, 0.466272
builtin-popcnt-unrolled, 32, 100000000, 0.254333
builtin-popcnt-unrolled32, 32, 100000000, 0.425433
builtin-popcnt-unrolled-errata, 32, 100000000, 0.282708
builtin-popcnt-unrolled-errata-manual, 32, 100000000, 0.319439
builtin-popcnt-movdq, 32, 100000000, 0.219832
builtin-popcnt-movdq-unrolled, 32, 100000000, 0.324612
builtin-popcnt-movdq-unrolled_manual, 32, 100000000, 0.361292
lookup-8, 64, 50000000, 1.103657
lookup-64, 64, 50000000, 1.092837
bit-parallel, 64, 50000000, 1.146837
bit-parallel-optimized, 64, 50000000, 0.785250
bit-parallel-mul, 64, 50000000, 0.675837
bit-parallel32, 64, 50000000, 1.756700
bit-parallel-optimized32, 64, 50000000, 1.332040
harley-seal, 64, 50000000, 0.828595
sse-bit-parallel, 64, 50000000, 1.877416
sse-bit-parallel-original, 64, 50000000, 0.691423
sse-bit-parallel-better, 64, 50000000, 2.002641
sse-harley-seal, 64, 50000000, 0.689095
sse-lookup, 64, 50000000, 0.317404
sse-lookup-original, 64, 50000000, 0.613663
avx2-lookup, 64, 50000000, 0.284946
avx2-lookup-original, 64, 50000000, 0.902691
avx2-harley-seal, 64, 50000000, 0.603408
cpu, 64, 50000000, 0.246596
sse-cpu, 64, 50000000, 0.236742
avx2-cpu, 64, 50000000, 1.854444
avx512-harley-seal, 64, 50000000, 0.715807
avx512bw-shuf, 64, 50000000, 1.990721
avx512vbmi-shuf, 64, 50000000, 2.005655
builtin-popcnt, 64, 50000000, 0.283116
builtin-popcnt32, 64, 50000000, 0.467128
builtin-popcnt-unrolled, 64, 50000000, 0.173237
builtin-popcnt-unrolled32, 64, 50000000, 0.354116
builtin-popcnt-unrolled-errata, 64, 50000000, 0.204600
builtin-popcnt-unrolled-errata-manual, 64, 50000000, 0.220262
builtin-popcnt-movdq, 64, 50000000, 0.188836
builtin-popcnt-movdq-unrolled, 64, 50000000, 0.235941
builtin-popcnt-movdq-unrolled_manual, 64, 50000000, 0.251645
lookup-8, 128, 25000000, 1.218033
lookup-64, 128, 25000000, 1.200962
bit-parallel, 128, 25000000, 1.087162
bit-parallel-optimized, 128, 25000000, 0.733101
bit-parallel-mul, 128, 25000000, 0.642630
bit-parallel32, 128, 25000000, 1.722215
bit-parallel-optimized32, 128, 25000000, 1.294949
harley-seal, 128, 25000000, 0.510979
sse-bit-parallel, 128, 25000000, 1.047222
sse-bit-parallel-original, 128, 25000000, 0.512624
sse-bit-parallel-better, 128, 25000000, 1.103424
sse-harley-seal, 128, 25000000, 0.499380
sse-lookup, 128, 25000000, 0.212734
sse-lookup-original, 128, 25000000, 0.421504
avx2-lookup, 128, 25000000, 0.207064
avx2-lookup-original, 128, 25000000, 0.659039
avx2-harley-seal, 128, 25000000, 0.382409
cpu, 128, 25000000, 0.186166
sse-cpu, 128, 25000000, 0.196472
avx2-cpu, 128, 25000000, 0.281488
avx512-harley-seal, 128, 25000000, 0.410022
avx512bw-shuf, 128, 25000000, 1.045928
avx512vbmi-shuf, 128, 25000000, 1.092410
builtin-popcnt, 128, 25000000, 0.269029
builtin-popcnt32, 128, 25000000, 0.609081
builtin-popcnt-unrolled, 128, 25000000, 0.143365
builtin-popcnt-unrolled32, 128, 25000000, 0.319700
builtin-popcnt-unrolled-errata, 128, 25000000, 0.157389
builtin-popcnt-unrolled-errata-manual, 128, 25000000, 0.165246
builtin-popcnt-movdq, 128, 25000000, 0.178559
builtin-popcnt-movdq-unrolled, 128, 25000000, 0.188802
builtin-popcnt-movdq-unrolled_manual, 128, 25000000, 0.204689
lookup-8, 256, 12500000, 1.114996
lookup-64, 256, 12500000, 1.101211
bit-parallel, 256, 12500000, 1.061186
bit-parallel-optimized, 256, 12500000, 0.705731
bit-parallel-mul, 256, 12500000, 0.739845
bit-parallel32, 256, 12500000, 1.710472
bit-parallel-optimized32, 256, 12500000, 1.276183
harley-seal, 256, 12500000, 0.397365
sse-bit-parallel, 256, 12500000, 0.671773
sse-bit-parallel-original, 256, 12500000, 0.436012
sse-bit-parallel-better, 256, 12500000, 0.643351
sse-harley-seal, 256, 12500000, 0.237494
sse-lookup, 256, 12500000, 0.181162
sse-lookup-original, 256, 12500000, 0.319323
avx2-lookup, 256, 12500000, 0.141882
avx2-lookup-original, 256, 12500000, 0.421095
avx2-harley-seal, 256, 12500000, 0.265276
cpu, 256, 12500000, 0.169389
sse-cpu, 256, 12500000, 0.177332
avx2-cpu, 256, 12500000, 0.241988
avx512-harley-seal, 256, 12500000, 0.286367
avx512bw-shuf, 256, 12500000, 0.567265
avx512vbmi-shuf, 256, 12500000, 0.547168
builtin-popcnt, 256, 12500000, 0.335633
builtin-popcnt32, 256, 12500000, 0.594617
builtin-popcnt-unrolled, 256, 12500000, 0.131004
builtin-popcnt-unrolled32, 256, 12500000, 0.315666
builtin-popcnt-unrolled-errata, 256, 12500000, 0.134912
builtin-popcnt-unrolled-errata-manual, 256, 12500000, 0.137648
builtin-popcnt-movdq, 256, 12500000, 0.180372
builtin-popcnt-movdq-unrolled, 256, 12500000, 0.166892
builtin-popcnt-movdq-unrolled_manual, 256, 12500000, 0.182829
lookup-8, 512, 10000000, 1.698269
lookup-64, 512, 10000000, 1.697575
bit-parallel, 512, 10000000, 1.678825
bit-parallel-optimized, 512, 10000000, 1.108615
bit-parallel-mul, 512, 10000000, 1.103079
bit-parallel32, 512, 10000000, 2.738735
bit-parallel-optimized32, 512, 10000000, 2.028175
harley-seal, 512, 10000000, 0.544960
sse-bit-parallel, 512, 10000000, 0.783479
sse-bit-parallel-original, 512, 10000000, 0.640900
sse-bit-parallel-better, 512, 10000000, 0.738659
sse-harley-seal, 512, 10000000, 0.295763
sse-lookup, 512, 10000000, 0.273436
sse-lookup-original, 512, 10000000, 0.431929
avx2-lookup, 512, 10000000, 0.189533
avx2-lookup-original, 512, 10000000, 0.346618
avx2-harley-seal, 512, 10000000, 0.204945
cpu, 512, 10000000, 0.261245
sse-cpu, 512, 10000000, 0.276100
avx2-cpu, 512, 10000000, 0.357967
avx512-harley-seal, 512, 10000000, 0.290928
avx512bw-shuf, 512, 10000000, 0.492229
avx512vbmi-shuf, 512, 10000000, 0.493854
builtin-popcnt, 512, 10000000, 0.404074
builtin-popcnt32, 512, 10000000, 0.900729
builtin-popcnt-unrolled, 512, 10000000, 0.204537
builtin-popcnt-unrolled32, 512, 10000000, 0.558002
builtin-popcnt-unrolled-errata, 512, 10000000, 0.234726
builtin-popcnt-unrolled-errata-manual, 512, 10000000, 0.204563
builtin-popcnt-movdq, 512, 10000000, 0.343049
builtin-popcnt-movdq-unrolled, 512, 10000000, 0.248547
builtin-popcnt-movdq-unrolled_manual, 512, 10000000, 0.280499
lookup-8, 1024, 5000000, 1.667047
lookup-64, 1024, 5000000, 1.661938
bit-parallel, 1024, 5000000, 1.671736
bit-parallel-optimized, 1024, 5000000, 1.097259
bit-parallel-mul, 1024, 5000000, 1.055421
bit-parallel32, 1024, 5000000, 2.721244
bit-parallel-optimized32, 1024, 5000000, 2.022891
harley-seal, 1024, 5000000, 0.493713
sse-bit-parallel, 1024, 5000000, 0.667435
sse-bit-parallel-original, 1024, 5000000, 0.605630
sse-bit-parallel-better, 1024, 5000000, 0.616968
sse-harley-seal, 1024, 5000000, 0.255214
sse-lookup, 1024, 5000000, 0.264474
sse-lookup-original, 1024, 5000000, 0.400090
avx2-lookup, 1024, 5000000, 0.171689
avx2-lookup-original, 1024, 5000000, 0.324161
avx2-harley-seal, 1024, 5000000, 0.157142
cpu, 1024, 5000000, 0.298632
sse-cpu, 1024, 5000000, 0.302454
avx2-cpu, 1024, 5000000, 0.344290
avx512-harley-seal, 1024, 5000000, 0.107306
avx512bw-shuf, 1024, 5000000, 0.251855
avx512vbmi-shuf, 1024, 5000000, 0.252153
builtin-popcnt, 1024, 5000000, 0.389399
builtin-popcnt32, 1024, 5000000, 0.857580
builtin-popcnt-unrolled, 1024, 5000000, 0.221503
builtin-popcnt-unrolled32, 1024, 5000000, 0.521318
builtin-popcnt-unrolled-errata, 1024, 5000000, 0.218339
builtin-popcnt-unrolled-errata-manual, 1024, 5000000, 0.224023
builtin-popcnt-movdq, 1024, 5000000, 0.315258
builtin-popcnt-movdq-unrolled, 1024, 5000000, 0.270118
builtin-popcnt-movdq-unrolled_manual, 1024, 5000000, 0.295688
lookup-8, 2048, 2500000, 1.649115
lookup-64, 2048, 2500000, 1.649541
bit-parallel, 2048, 2500000, 1.666450
bit-parallel-optimized, 2048, 2500000, 1.095718
bit-parallel-mul, 2048, 2500000, 1.033435
bit-parallel32, 2048, 2500000, 2.752699
bit-parallel-optimized32, 2048, 2500000, 2.037710
harley-seal, 2048, 2500000, 0.470421
sse-bit-parallel, 2048, 2500000, 0.574384
sse-bit-parallel-original, 2048, 2500000, 0.649509
sse-bit-parallel-better, 2048, 2500000, 0.520372
sse-harley-seal, 2048, 2500000, 0.234204
sse-lookup, 2048, 2500000, 0.260379
sse-lookup-original, 2048, 2500000, 0.473735
avx2-lookup, 2048, 2500000, 0.160398
avx2-lookup-original, 2048, 2500000, 0.231498
avx2-harley-seal, 2048, 2500000, 0.131838
cpu, 2048, 2500000, 0.276047
sse-cpu, 2048, 2500000, 0.277367
avx2-cpu, 2048, 2500000, 0.333204
avx512-harley-seal, 2048, 2500000, 0.073463
avx512bw-shuf, 2048, 2500000, 0.208753
avx512vbmi-shuf, 2048, 2500000, 0.204638
builtin-popcnt, 2048, 2500000, 0.389918
builtin-popcnt32, 2048, 2500000, 0.842675
builtin-popcnt-unrolled, 2048, 2500000, 0.211688
builtin-popcnt-unrolled32, 2048, 2500000, 0.503957
builtin-popcnt-unrolled-errata, 2048, 2500000, 0.210909
builtin-popcnt-unrolled-errata-manual, 2048, 2500000, 0.212369
builtin-popcnt-movdq, 2048, 2500000, 0.297366
builtin-popcnt-movdq-unrolled, 2048, 2500000, 0.247977
builtin-popcnt-movdq-unrolled_manual, 2048, 2500000, 0.280812
lookup-8, 4096, 1250000, 1.621482
lookup-64, 4096, 1250000, 1.623593
bit-parallel, 4096, 1250000, 1.678143
bit-parallel-optimized, 4096, 1250000, 1.104713
bit-parallel-mul, 4096, 1250000, 1.021137
bit-parallel32, 4096, 1250000, 2.725282
bit-parallel-optimized32, 4096, 1250000, 2.022199
harley-seal, 4096, 1250000, 0.457870
sse-bit-parallel, 4096, 1250000, 0.535145
sse-bit-parallel-original, 4096, 1250000, 0.645028
sse-bit-parallel-better, 4096, 1250000, 0.469947
sse-harley-seal, 4096, 1250000, 0.223430
sse-lookup, 4096, 1250000, 0.260241
sse-lookup-original, 4096, 1250000, 0.482316
avx2-lookup, 4096, 1250000, 0.155430
avx2-lookup-original, 4096, 1250000, 0.262247
avx2-harley-seal, 4096, 1250000, 0.119038
cpu, 4096, 1250000, 0.263399
sse-cpu, 4096, 1250000, 0.264541
avx2-cpu, 4096, 1250000, 0.329641
avx512-harley-seal, 4096, 1250000, 0.059282
avx512bw-shuf, 4096, 1250000, 0.158505
avx512vbmi-shuf, 4096, 1250000, 0.152494
builtin-popcnt, 4096, 1250000, 0.344284
builtin-popcnt32, 4096, 1250000, 0.840646
builtin-popcnt-unrolled, 4096, 1250000, 0.206285
builtin-popcnt-unrolled32, 4096, 1250000, 0.489455
builtin-popcnt-unrolled-errata, 4096, 1250000, 0.204616
builtin-popcnt-unrolled-errata-manual, 4096, 1250000, 0.205691
builtin-popcnt-movdq, 4096, 1250000, 0.292883
builtin-popcnt-movdq-unrolled, 4096, 1250000, 0.239932
builtin-popcnt-movdq-unrolled_manual, 4096, 1250000, 0.260388
lookup-8, 32, 100000000, 1.201534
lookup-64, 32, 100000000, 1.168172
bit-parallel, 32, 100000000, 1.264453
bit-parallel-optimized, 32, 100000000, 0.912475
bit-parallel-mul, 32, 100000000, 0.761779
bit-parallel32, 32, 100000000, 1.823655
bit-parallel-optimized32, 32, 100000000, 1.406124
harley-seal, 32, 100000000, 1.009785
sse-bit-parallel, 32, 100000000, 1.787513
sse-bit-parallel-original, 32, 100000000, 1.069279
sse-bit-parallel-better, 32, 100000000, 2.615873
sse-harley-seal, 32, 100000000, 1.071161
sse-lookup, 32, 100000000, 0.503146
sse-lookup-original, 32, 100000000, 1.103425
avx2-lookup, 32, 100000000, 0.455911
avx2-lookup-original, 32, 100000000, 1.550848
avx2-harley-seal, 32, 100000000, 1.040050
cpu, 32, 100000000, 0.314173
sse-cpu, 32, 100000000, 2.130741
avx2-cpu, 32, 100000000, 2.262049
avx512-harley-seal, 32, 100000000, 3.365855
avx512bw-shuf, 32, 100000000, 2.576434
avx512vbmi-shuf, 32, 100000000, 2.517017
builtin-popcnt, 32, 100000000, 0.221896
builtin-popcnt32, 32, 100000000, 0.463451
builtin-popcnt-unrolled, 32, 100000000, 0.254097
builtin-popcnt-unrolled32, 32, 100000000, 0.424756
builtin-popcnt-unrolled-errata, 32, 100000000, 0.282863
builtin-popcnt-unrolled-errata-manual, 32, 100000000, 0.314503
builtin-popcnt-movdq, 32, 100000000, 0.219970
builtin-popcnt-movdq-unrolled, 32, 100000000, 0.324896
builtin-popcnt-movdq-unrolled_manual, 32, 100000000, 0.361995
lookup-8, 64, 50000000, 1.102593
lookup-64, 64, 50000000, 1.094215
bit-parallel, 64, 50000000, 1.148275
bit-parallel-optimized, 64, 50000000, 0.786224
bit-parallel-mul, 64, 50000000, 0.676550
bit-parallel32, 64, 50000000, 1.747977
bit-parallel-optimized32, 64, 50000000, 1.335328
harley-seal, 64, 50000000, 0.829317
sse-bit-parallel, 64, 50000000, 1.861692
sse-bit-parallel-original, 64, 50000000, 0.691929
sse-bit-parallel-better, 64, 50000000, 2.002821
sse-harley-seal, 64, 50000000, 0.689098
sse-lookup, 64, 50000000, 0.317796
sse-lookup-original, 64, 50000000, 0.613830
avx2-lookup, 64, 50000000, 0.284718
avx2-lookup-original, 64, 50000000, 0.915979
avx2-harley-seal, 64, 50000000, 0.591981
cpu, 64, 50000000, 0.238326
sse-cpu, 64, 50000000, 0.235988
avx2-cpu, 64, 50000000, 1.853489
avx512-harley-seal, 64, 50000000, 0.716545
avx512bw-shuf, 64, 50000000, 1.990084
avx512vbmi-shuf, 64, 50000000, 1.990848
builtin-popcnt, 64, 50000000, 0.283162
builtin-popcnt32, 64, 50000000, 0.471213
builtin-popcnt-unrolled, 64, 50000000, 0.172902
builtin-popcnt-unrolled32, 64, 50000000, 0.359084
builtin-popcnt-unrolled-errata, 64, 50000000, 0.210439
builtin-popcnt-unrolled-errata-manual, 64, 50000000, 0.221378
builtin-popcnt-movdq, 64, 50000000, 0.188685
builtin-popcnt-movdq-unrolled, 64, 50000000, 0.236724
builtin-popcnt-movdq-unrolled_manual, 64, 50000000, 0.259012
lookup-8, 128, 25000000, 1.218809
lookup-64, 128, 25000000, 1.204850
bit-parallel, 128, 25000000, 1.103555
bit-parallel-optimized, 128, 25000000, 0.738166
bit-parallel-mul, 128, 25000000, 0.642635
bit-parallel32, 128, 25000000, 1.722826
bit-parallel-optimized32, 128, 25000000, 1.294931
harley-seal, 128, 25000000, 0.510940
sse-bit-parallel, 128, 25000000, 1.054473
sse-bit-parallel-original, 128, 25000000, 0.516906
sse-bit-parallel-better, 128, 25000000, 1.105870
sse-harley-seal, 128, 25000000, 0.498940
sse-lookup, 128, 25000000, 0.212256
sse-lookup-original, 128, 25000000, 0.417428
avx2-lookup, 128, 25000000, 0.206996
avx2-lookup-original, 128, 25000000, 0.618490
avx2-harley-seal, 128, 25000000, 0.375045
cpu, 128, 25000000, 0.180838
sse-cpu, 128, 25000000, 0.196572
avx2-cpu, 128, 25000000, 0.281712
avx512-harley-seal, 128, 25000000, 0.412204
avx512bw-shuf, 128, 25000000, 1.051172
avx512vbmi-shuf, 128, 25000000, 1.100472
builtin-popcnt, 128, 25000000, 0.269807
builtin-popcnt32, 128, 25000000, 0.616580
builtin-popcnt-unrolled, 128, 25000000, 0.141466
builtin-popcnt-unrolled32, 128, 25000000, 0.322252
builtin-popcnt-unrolled-errata, 128, 25000000, 0.157110
builtin-popcnt-unrolled-errata-manual, 128, 25000000, 0.165078
builtin-popcnt-movdq, 128, 25000000, 0.178774
builtin-popcnt-movdq-unrolled, 128, 25000000, 0.188768
builtin-popcnt-movdq-unrolled_manual, 128, 25000000, 0.204671
lookup-8, 256, 12500000, 1.117925
lookup-64, 256, 12500000, 1.101294
bit-parallel, 256, 12500000, 1.061177
bit-parallel-optimized, 256, 12500000, 0.707142
bit-parallel-mul, 256, 12500000, 0.739098
bit-parallel32, 256, 12500000, 1.723543
bit-parallel-optimized32, 256, 12500000, 1.280323
harley-seal, 256, 12500000, 0.399747
sse-bit-parallel, 256, 12500000, 0.670989
sse-bit-parallel-original, 256, 12500000, 0.436821
sse-bit-parallel-better, 256, 12500000, 0.643653
sse-harley-seal, 256, 12500000, 0.238619
sse-lookup, 256, 12500000, 0.181120
sse-lookup-original, 256, 12500000, 0.328621
avx2-lookup, 256, 12500000, 0.145885
avx2-lookup-original, 256, 12500000, 0.419139
avx2-harley-seal, 256, 12500000, 0.264564
cpu, 256, 12500000, 0.169386
sse-cpu, 256, 12500000, 0.177094
avx2-cpu, 256, 12500000, 0.240914
avx512-harley-seal, 256, 12500000, 0.261365
avx512bw-shuf, 256, 12500000, 0.569048
avx512vbmi-shuf, 256, 12500000, 0.570932
builtin-popcnt, 256, 12500000, 0.316403
builtin-popcnt32, 256, 12500000, 0.591600
builtin-popcnt-unrolled, 256, 12500000, 0.129735
builtin-popcnt-unrolled32, 256, 12500000, 0.306340
builtin-popcnt-unrolled-errata, 256, 12500000, 0.133764
builtin-popcnt-unrolled-errata-manual, 256, 12500000, 0.138830
builtin-popcnt-movdq, 256, 12500000, 0.180684
builtin-popcnt-movdq-unrolled, 256, 12500000, 0.166467
builtin-popcnt-movdq-unrolled_manual, 256, 12500000, 0.183172
lookup-8, 512, 10000000, 1.711761
lookup-64, 512, 10000000, 1.695457
bit-parallel, 512, 10000000, 1.677297
bit-parallel-optimized, 512, 10000000, 1.106871
bit-parallel-mul, 512, 10000000, 1.103108
bit-parallel32, 512, 10000000, 2.725267
bit-parallel-optimized32, 512, 10000000, 2.026855
harley-seal, 512, 10000000, 0.541043
sse-bit-parallel, 512, 10000000, 0.782657
sse-bit-parallel-original, 512, 10000000, 0.638044
sse-bit-parallel-better, 512, 10000000, 0.737508
sse-harley-seal, 512, 10000000, 0.300429
sse-lookup, 512, 10000000, 0.274985
sse-lookup-original, 512, 10000000, 0.432927
avx2-lookup, 512, 10000000, 0.189197
avx2-lookup-original, 512, 10000000, 0.347995
avx2-harley-seal, 512, 10000000, 0.204844
cpu, 512, 10000000, 0.262684
sse-cpu, 512, 10000000, 0.269744
avx2-cpu, 512, 10000000, 0.355639
avx512-harley-seal, 512, 10000000, 0.290825
avx512bw-shuf, 512, 10000000, 0.494629
avx512vbmi-shuf, 512, 10000000, 0.499629
builtin-popcnt, 512, 10000000, 0.401034
builtin-popcnt32, 512, 10000000, 0.899248
builtin-popcnt-unrolled, 512, 10000000, 0.204333
builtin-popcnt-unrolled32, 512, 10000000, 0.558092
builtin-popcnt-unrolled-errata, 512, 10000000, 0.251618
builtin-popcnt-unrolled-errata-manual, 512, 10000000, 0.204341
builtin-popcnt-movdq, 512, 10000000, 0.346092
builtin-popcnt-movdq-unrolled, 512, 10000000, 0.248767
builtin-popcnt-movdq-unrolled_manual, 512, 10000000, 0.285041
lookup-8, 1024, 5000000, 1.657014
lookup-64, 1024, 5000000, 1.658889
bit-parallel, 1024, 5000000, 1.680388
bit-parallel-optimized, 1024, 5000000, 1.119200
bit-parallel-mul, 1024, 5000000, 1.070078
bit-parallel32, 1024, 5000000, 2.745400
bit-parallel-optimized32, 1024, 5000000, 2.043305
harley-seal, 1024, 5000000, 0.493732
sse-bit-parallel, 1024, 5000000, 0.647091
sse-bit-parallel-original, 1024, 5000000, 0.606991
sse-bit-parallel-better, 1024, 5000000, 0.621985
sse-harley-seal, 1024, 5000000, 0.254764
sse-lookup, 1024, 5000000, 0.266559
sse-lookup-original, 1024, 5000000, 0.400012
avx2-lookup, 1024, 5000000, 0.172240
avx2-lookup-original, 1024, 5000000, 0.336090
avx2-harley-seal, 1024, 5000000, 0.155563
cpu, 1024, 5000000, 0.298684
sse-cpu, 1024, 5000000, 0.304053
avx2-cpu, 1024, 5000000, 0.353736
avx512-harley-seal, 1024, 5000000, 0.108515
avx512bw-shuf, 1024, 5000000, 0.257301
avx512vbmi-shuf, 1024, 5000000, 0.251807
builtin-popcnt, 1024, 5000000, 0.397179
builtin-popcnt32, 1024, 5000000, 0.860485
builtin-popcnt-unrolled, 1024, 5000000, 0.221727
builtin-popcnt-unrolled32, 1024, 5000000, 0.522866
builtin-popcnt-unrolled-errata, 1024, 5000000, 0.218458
builtin-popcnt-unrolled-errata-manual, 1024, 5000000, 0.222721
builtin-popcnt-movdq, 1024, 5000000, 0.316615
builtin-popcnt-movdq-unrolled, 1024, 5000000, 0.269855
builtin-popcnt-movdq-unrolled_manual, 1024, 5000000, 0.295179
lookup-8, 2048, 2500000, 1.632990
lookup-64, 2048, 2500000, 1.636695
bit-parallel, 2048, 2500000, 1.661430
bit-parallel-optimized, 2048, 2500000, 1.095913
bit-parallel-mul, 2048, 2500000, 1.034743
bit-parallel32, 2048, 2500000, 2.757964
bit-parallel-optimized32, 2048, 2500000, 2.044280
harley-seal, 2048, 2500000, 0.473091
sse-bit-parallel, 2048, 2500000, 0.579277
sse-bit-parallel-original, 2048, 2500000, 0.658178
sse-bit-parallel-better, 2048, 2500000, 0.520347
sse-harley-seal, 2048, 2500000, 0.235219
sse-lookup, 2048, 2500000, 0.275454
sse-lookup-original, 2048, 2500000, 0.474346
avx2-lookup, 2048, 2500000, 0.159769
avx2-lookup-original, 2048, 2500000, 0.237891
avx2-harley-seal, 2048, 2500000, 0.131643
cpu, 2048, 2500000, 0.275778
sse-cpu, 2048, 2500000, 0.279725
avx2-cpu, 2048, 2500000, 0.335447
avx512-harley-seal, 2048, 2500000, 0.073097
avx512bw-shuf, 2048, 2500000, 0.207724
avx512vbmi-shuf, 2048, 2500000, 0.205150
builtin-popcnt, 2048, 2500000, 0.416137
builtin-popcnt32, 2048, 2500000, 0.846285
builtin-popcnt-unrolled, 2048, 2500000, 0.210670
builtin-popcnt-unrolled32, 2048, 2500000, 0.496602
builtin-popcnt-unrolled-errata, 2048, 2500000, 0.209333
builtin-popcnt-unrolled-errata-manual, 2048, 2500000, 0.211987
builtin-popcnt-movdq, 2048, 2500000, 0.298291
builtin-popcnt-movdq-unrolled, 2048, 2500000, 0.247344
builtin-popcnt-movdq-unrolled_manual, 2048, 2500000, 0.276828
lookup-8, 4096, 1250000, 1.639213
lookup-64, 4096, 1250000, 1.627922
bit-parallel, 4096, 1250000, 1.670794
bit-parallel-optimized, 4096, 1250000, 1.127658
bit-parallel-mul, 4096, 1250000, 1.022393
bit-parallel32, 4096, 1250000, 2.736385
bit-parallel-optimized32, 4096, 1250000, 2.027682
harley-seal, 4096, 1250000, 0.463045
sse-bit-parallel, 4096, 1250000, 0.536205
sse-bit-parallel-original, 4096, 1250000, 0.644676
sse-bit-parallel-better, 4096, 1250000, 0.470543
sse-harley-seal, 4096, 1250000, 0.223447
sse-lookup, 4096, 1250000, 0.258822
sse-lookup-original, 4096, 1250000, 0.471082
avx2-lookup, 4096, 1250000, 0.155403
avx2-lookup-original, 4096, 1250000, 0.263905
avx2-harley-seal, 4096, 1250000, 0.122540
cpu, 4096, 1250000, 0.271149
sse-cpu, 4096, 1250000, 0.270398
avx2-cpu, 4096, 1250000, 0.334079
avx512-harley-seal, 4096, 1250000, 0.057935
avx512bw-shuf, 4096, 1250000, 0.162193
avx512vbmi-shuf, 4096, 1250000, 0.155155
builtin-popcnt, 4096, 1250000, 0.383830
builtin-popcnt32, 4096, 1250000, 0.841807
builtin-popcnt-unrolled, 4096, 1250000, 0.206431
builtin-popcnt-unrolled32, 4096, 1250000, 0.490822
builtin-popcnt-unrolled-errata, 4096, 1250000, 0.205857
builtin-popcnt-unrolled-errata-manual, 4096, 1250000, 0.205635
builtin-popcnt-movdq, 4096, 1250000, 0.290672
builtin-popcnt-movdq-unrolled, 4096, 1250000, 0.237314
builtin-popcnt-movdq-unrolled_manual, 4096, 1250000, 0.268030
lookup-8, 32, 100000000, 1.198483
lookup-64, 32, 100000000, 1.169438
bit-parallel, 32, 100000000, 1.260393
bit-parallel-optimized, 32, 100000000, 0.912315
bit-parallel-mul, 32, 100000000, 0.756228
bit-parallel32, 32, 100000000, 1.825278
bit-parallel-optimized32, 32, 100000000, 1.408892
harley-seal, 32, 100000000, 1.010502
sse-bit-parallel, 32, 100000000, 1.781492
sse-bit-parallel-original, 32, 100000000, 1.071666
sse-bit-parallel-better, 32, 100000000, 2.615281
sse-harley-seal, 32, 100000000, 1.073727
sse-lookup, 32, 100000000, 0.503240
sse-lookup-original, 32, 100000000, 1.800837
avx2-lookup, 32, 100000000, 0.456102
avx2-lookup-original, 32, 100000000, 1.548018
avx2-harley-seal, 32, 100000000, 1.037830
cpu, 32, 100000000, 0.314472
sse-cpu, 32, 100000000, 1.832793
avx2-cpu, 32, 100000000, 2.271743
avx512-harley-seal, 32, 100000000, 3.383178
avx512bw-shuf, 32, 100000000, 2.574627
avx512vbmi-shuf, 32, 100000000, 2.536885
builtin-popcnt, 32, 100000000, 0.273946
builtin-popcnt32, 32, 100000000, 0.462988
builtin-popcnt-unrolled, 32, 100000000, 0.251688
builtin-popcnt-unrolled32, 32, 100000000, 0.424670
builtin-popcnt-unrolled-errata, 32, 100000000, 0.282904
builtin-popcnt-unrolled-errata-manual, 32, 100000000, 0.314595
builtin-popcnt-movdq, 32, 100000000, 0.220091
builtin-popcnt-movdq-unrolled, 32, 100000000, 0.324927
builtin-popcnt-movdq-unrolled_manual, 32, 100000000, 0.361696
lookup-8, 64, 50000000, 1.099494
lookup-64, 64, 50000000, 1.099330
bit-parallel, 64, 50000000, 1.149983
bit-parallel-optimized, 64, 50000000, 0.786352
bit-parallel-mul, 64, 50000000, 0.675817
bit-parallel32, 64, 50000000, 1.750028
bit-parallel-optimized32, 64, 50000000, 1.332392
harley-seal, 64, 50000000, 0.828054
sse-bit-parallel, 64, 50000000, 1.890152
sse-bit-parallel-original, 64, 50000000, 0.691493
sse-bit-parallel-better, 64, 50000000, 1.996189
sse-harley-seal, 64, 50000000, 0.689918
sse-lookup, 64, 50000000, 0.320012
sse-lookup-original, 64, 50000000, 0.613119
avx2-lookup, 64, 50000000, 0.284562
avx2-lookup-original, 64, 50000000, 0.919784
avx2-harley-seal, 64, 50000000, 0.597844
cpu, 64, 50000000, 0.241935
sse-cpu, 64, 50000000, 0.235752
avx2-cpu, 64, 50000000, 1.837983
avx512-harley-seal, 64, 50000000, 0.715417
avx512bw-shuf, 64, 50000000, 1.992621
avx512vbmi-shuf, 64, 50000000, 2.001560
builtin-popcnt, 64, 50000000, 0.283048
builtin-popcnt32, 64, 50000000, 0.467011
builtin-popcnt-unrolled, 64, 50000000, 0.172932
builtin-popcnt-unrolled32, 64, 50000000, 0.354032
builtin-popcnt-unrolled-errata, 64, 50000000, 0.204950
builtin-popcnt-unrolled-errata-manual, 64, 50000000, 0.219965
builtin-popcnt-movdq, 64, 50000000, 0.188739
builtin-popcnt-movdq-unrolled, 64, 50000000, 0.235823
builtin-popcnt-movdq-unrolled_manual, 64, 50000000, 0.253857
lookup-8, 128, 25000000, 1.223919
lookup-64, 128, 25000000, 1.196360
bit-parallel, 128, 25000000, 1.094398
bit-parallel-optimized, 128, 25000000, 0.731720
bit-parallel-mul, 128, 25000000, 0.641417
bit-parallel32, 128, 25000000, 1.727750
bit-parallel-optimized32, 128, 25000000, 1.292772
harley-seal, 128, 25000000, 0.510174
sse-bit-parallel, 128, 25000000, 1.038638
sse-bit-parallel-original, 128, 25000000, 0.517931
sse-bit-parallel-better, 128, 25000000, 1.101285
sse-harley-seal, 128, 25000000, 0.498191
sse-lookup, 128, 25000000, 0.212093
sse-lookup-original, 128, 25000000, 0.416830
avx2-lookup, 128, 25000000, 0.208229
avx2-lookup-original, 128, 25000000, 0.679482
avx2-harley-seal, 128, 25000000, 0.374924
cpu, 128, 25000000, 0.180642
sse-cpu, 128, 25000000, 0.196399
avx2-cpu, 128, 25000000, 0.281340
avx512-harley-seal, 128, 25000000, 0.409896
avx512bw-shuf, 128, 25000000, 1.058466
avx512vbmi-shuf, 128, 25000000, 1.093892
builtin-popcnt, 128, 25000000, 0.267547
builtin-popcnt32, 128, 25000000, 0.601788
builtin-popcnt-unrolled, 128, 25000000, 0.141469
builtin-popcnt-unrolled32, 128, 25000000, 0.319489
builtin-popcnt-unrolled-errata, 128, 25000000, 0.157306
builtin-popcnt-unrolled-errata-manual, 128, 25000000, 0.165051
builtin-popcnt-movdq, 128, 25000000, 0.178639
builtin-popcnt-movdq-unrolled, 128, 25000000, 0.188800
builtin-popcnt-movdq-unrolled_manual, 128, 25000000, 0.204690
lookup-8, 256, 12500000, 1.114285
lookup-64, 256, 12500000, 1.107704
bit-parallel, 256, 12500000, 1.060586
bit-parallel-optimized, 256, 12500000, 0.704556
bit-parallel-mul, 256, 12500000, 0.740963
bit-parallel32, 256, 12500000, 1.727770
bit-parallel-optimized32, 256, 12500000, 1.274494
harley-seal, 256, 12500000, 0.396587
sse-bit-parallel, 256, 12500000, 0.669819
sse-bit-parallel-original, 256, 12500000, 0.435432
sse-bit-parallel-better, 256, 12500000, 0.642005
sse-harley-seal, 256, 12500000, 0.236794
sse-lookup, 256, 12500000, 0.180561
sse-lookup-original, 256, 12500000, 0.318802
avx2-lookup, 256, 12500000, 0.141505
avx2-lookup-original, 256, 12500000, 0.418585
avx2-harley-seal, 256, 12500000, 0.264177
cpu, 256, 12500000, 0.169448
sse-cpu, 256, 12500000, 0.177964
avx2-cpu, 256, 12500000, 0.245454
avx512-harley-seal, 256, 12500000, 0.262012
avx512bw-shuf, 256, 12500000, 0.557361
avx512vbmi-shuf, 256, 12500000, 0.551296
builtin-popcnt, 256, 12500000, 0.330350
builtin-popcnt32, 256, 12500000, 0.592032
builtin-popcnt-unrolled, 256, 12500000, 0.134266
builtin-popcnt-unrolled32, 256, 12500000, 0.310847
builtin-popcnt-unrolled-errata, 256, 12500000, 0.133588
builtin-popcnt-unrolled-errata-manual, 256, 12500000, 0.140219
builtin-popcnt-movdq, 256, 12500000, 0.180456
builtin-popcnt-movdq-unrolled, 256, 12500000, 0.167420
builtin-popcnt-movdq-unrolled_manual, 256, 12500000, 0.188420
lookup-8, 512, 10000000, 1.699709
lookup-64, 512, 10000000, 1.696950
bit-parallel, 512, 10000000, 1.676238
bit-parallel-optimized, 512, 10000000, 1.106116
bit-parallel-mul, 512, 10000000, 1.102032
bit-parallel32, 512, 10000000, 2.733589
bit-parallel-optimized32, 512, 10000000, 2.031550
harley-seal, 512, 10000000, 0.540668
sse-bit-parallel, 512, 10000000, 0.782435
sse-bit-parallel-original, 512, 10000000, 0.638218
sse-bit-parallel-better, 512, 10000000, 0.737687
sse-harley-seal, 512, 10000000, 0.294689
sse-lookup, 512, 10000000, 0.276962
sse-lookup-original, 512, 10000000, 0.431656
avx2-lookup, 512, 10000000, 0.197604
avx2-lookup-original, 512, 10000000, 0.345029
avx2-harley-seal, 512, 10000000, 0.218272
cpu, 512, 10000000, 0.260887
sse-cpu, 512, 10000000, 0.269076
avx2-cpu, 512, 10000000, 0.365521
avx512-harley-seal, 512, 10000000, 0.290719
avx512bw-shuf, 512, 10000000, 0.487607
avx512vbmi-shuf, 512, 10000000, 0.498204
builtin-popcnt, 512, 10000000, 0.402470
builtin-popcnt32, 512, 10000000, 0.902581
builtin-popcnt-unrolled, 512, 10000000, 0.204373
builtin-popcnt-unrolled32, 512, 10000000, 0.557016
builtin-popcnt-unrolled-errata, 512, 10000000, 0.206790
builtin-popcnt-unrolled-errata-manual, 512, 10000000, 0.204329
builtin-popcnt-movdq, 512, 10000000, 0.348406
builtin-popcnt-movdq-unrolled, 512, 10000000, 0.248073
builtin-popcnt-movdq-unrolled_manual, 512, 10000000, 0.279119
lookup-8, 1024, 5000000, 1.656133
lookup-64, 1024, 5000000, 1.655517
bit-parallel, 1024, 5000000, 1.670115
bit-parallel-optimized, 1024, 5000000, 1.102480
bit-parallel-mul, 1024, 5000000, 1.055470
bit-parallel32, 1024, 5000000, 2.732987
bit-parallel-optimized32, 1024, 5000000, 2.029258
harley-seal, 1024, 5000000, 0.494120
sse-bit-parallel, 1024, 5000000, 0.650311
sse-bit-parallel-original, 1024, 5000000, 0.604971
sse-bit-parallel-better, 1024, 5000000, 0.615910
sse-harley-seal, 1024, 5000000, 0.254456
sse-lookup, 1024, 5000000, 0.264733
sse-lookup-original, 1024, 5000000, 0.400429
avx2-lookup, 1024, 5000000, 0.169841
avx2-lookup-original, 1024, 5000000, 0.347467
avx2-harley-seal, 1024, 5000000, 0.155803
cpu, 1024, 5000000, 0.298808
sse-cpu, 1024, 5000000, 0.304338
avx2-cpu, 1024, 5000000, 0.340964
avx512-harley-seal, 1024, 5000000, 0.107383
avx512bw-shuf, 1024, 5000000, 0.251190
avx512vbmi-shuf, 1024, 5000000, 0.258535
builtin-popcnt, 1024, 5000000, 0.433511
builtin-popcnt32, 1024, 5000000, 0.856714
builtin-popcnt-unrolled, 1024, 5000000, 0.221727
builtin-popcnt-unrolled32, 1024, 5000000, 0.520828
builtin-popcnt-unrolled-errata, 1024, 5000000, 0.218713
builtin-popcnt-unrolled-errata-manual, 1024, 5000000, 0.222926
builtin-popcnt-movdq, 1024, 5000000, 0.315529
builtin-popcnt-movdq-unrolled, 1024, 5000000, 0.274140
builtin-popcnt-movdq-unrolled_manual, 1024, 5000000, 0.303996
lookup-8, 2048, 2500000, 1.633853
lookup-64, 2048, 2500000, 1.652470
bit-parallel, 2048, 2500000, 1.698002
bit-parallel-optimized, 2048, 2500000, 1.115141
bit-parallel-mul, 2048, 2500000, 1.033604
bit-parallel32, 2048, 2500000, 2.797944
bit-parallel-optimized32, 2048, 2500000, 2.061524
harley-seal, 2048, 2500000, 0.469169
sse-bit-parallel, 2048, 2500000, 0.573064
sse-bit-parallel-original, 2048, 2500000, 0.647955
sse-bit-parallel-better, 2048, 2500000, 0.519764
sse-harley-seal, 2048, 2500000, 0.233565
sse-lookup, 2048, 2500000, 0.261017
sse-lookup-original, 2048, 2500000, 0.474042
avx2-lookup, 2048, 2500000, 0.160413
avx2-lookup-original, 2048, 2500000, 0.230731
avx2-harley-seal, 2048, 2500000, 0.130969
cpu, 2048, 2500000, 0.274791
sse-cpu, 2048, 2500000, 0.276051
avx2-cpu, 2048, 2500000, 0.334695
avx512-harley-seal, 2048, 2500000, 0.081958
avx512bw-shuf, 2048, 2500000, 0.206913
avx512vbmi-shuf, 2048, 2500000, 0.204419
builtin-popcnt, 2048, 2500000, 0.367879
builtin-popcnt32, 2048, 2500000, 0.840838
builtin-popcnt-unrolled, 2048, 2500000, 0.209387
builtin-popcnt-unrolled32, 2048, 2500000, 0.500721
builtin-popcnt-unrolled-errata, 2048, 2500000, 0.208147
builtin-popcnt-unrolled-errata-manual, 2048, 2500000, 0.210274
builtin-popcnt-movdq, 2048, 2500000, 0.301932
builtin-popcnt-movdq-unrolled, 2048, 2500000, 0.247445
builtin-popcnt-movdq-unrolled_manual, 2048, 2500000, 0.271195
lookup-8, 4096, 1250000, 1.638717
lookup-64, 4096, 1250000, 1.629920
bit-parallel, 4096, 1250000, 1.670754
bit-parallel-optimized, 4096, 1250000, 1.106142
bit-parallel-mul, 4096, 1250000, 1.029866
bit-parallel32, 4096, 1250000, 2.738159
bit-parallel-optimized32, 4096, 1250000, 2.035178
harley-seal, 4096, 1250000, 0.458288
sse-bit-parallel, 4096, 1250000, 0.539172
sse-bit-parallel-original, 4096, 1250000, 0.644201
sse-bit-parallel-better, 4096, 1250000, 0.470653
sse-harley-seal, 4096, 1250000, 0.223535
sse-lookup, 4096, 1250000, 0.258959
sse-lookup-original, 4096, 1250000, 0.472955
avx2-lookup, 4096, 1250000, 0.155790
avx2-lookup-original, 4096, 1250000, 0.261882
avx2-harley-seal, 4096, 1250000, 0.119045
cpu, 4096, 1250000, 0.263404
sse-cpu, 4096, 1250000, 0.265112
avx2-cpu, 4096, 1250000, 0.329393
avx512-harley-seal, 4096, 1250000, 0.055729
avx512bw-shuf, 4096, 1250000, 0.161711
avx512vbmi-shuf, 4096, 1250000, 0.156620
builtin-popcnt, 4096, 1250000, 0.352868
builtin-popcnt32, 4096, 1250000, 0.844301
builtin-popcnt-unrolled, 4096, 1250000, 0.206436
builtin-popcnt-unrolled32, 4096, 1250000, 0.490702
builtin-popcnt-unrolled-errata, 4096, 1250000, 0.205221
builtin-popcnt-unrolled-errata-manual, 4096, 1250000, 0.206647
builtin-popcnt-movdq, 4096, 1250000, 0.290468
builtin-popcnt-movdq-unrolled, 4096, 1250000, 0.237428
builtin-popcnt-movdq-unrolled_manual, 4096, 1250000, 0.260982
