lookup-8, 32, 100000000, 1.191315
lookup-64, 32, 100000000, 1.165165
bit-parallel, 32, 100000000, 1.269201
bit-parallel-optimized, 32, 100000000, 0.908874
bit-parallel-mul, 32, 100000000, 0.752156
bit-parallel32, 32, 100000000, 1.817712
bit-parallel-optimized32, 32, 100000000, 1.401332
harley-seal, 32, 100000000, 1.014108
sse-bit-parallel, 32, 100000000, 2.019355
sse-bit-parallel-original, 32, 100000000, 1.218286
sse-bit-parallel-better, 32, 100000000, 1.649256
sse-harley-seal, 32, 100000000, 1.229805
sse-lookup, 32, 100000000, 0.501390
sse-lookup-original, 32, 100000000, 1.647459
avx2-lookup, 32, 100000000, 0.474366
avx2-lookup-original, 32, 100000000, 1.506543
avx2-harley-seal, 32, 100000000, 1.034203
cpu, 32, 100000000, 0.344791
sse-cpu, 32, 100000000, 1.721165
avx2-cpu, 32, 100000000, 2.801469
avx512-harley-seal, 32, 100000000, 4.318671
avx512bw-shuf, 32, 100000000, 2.135275
builtin-popcnt, 32, 100000000, 0.344810
builtin-popcnt32, 32, 100000000, 0.501937
builtin-popcnt-unrolled, 32, 100000000, 0.313461
builtin-popcnt-unrolled32, 32, 100000000, 0.443507
builtin-popcnt-unrolled-errata, 32, 100000000, 0.282026
builtin-popcnt-unrolled-errata-manual, 32, 100000000, 0.459493
builtin-popcnt-movdq, 32, 100000000, 0.211514
builtin-popcnt-movdq-unrolled, 32, 100000000, 0.326223
builtin-popcnt-movdq-unrolled_manual, 32, 100000000, 0.407371
lookup-8, 64, 50000000, 1.097600
lookup-64, 64, 50000000, 1.091981
bit-parallel, 64, 50000000, 1.143916
bit-parallel-optimized, 64, 50000000, 0.784073
bit-parallel-mul, 64, 50000000, 0.673898
bit-parallel32, 64, 50000000, 1.741977
bit-parallel-optimized32, 64, 50000000, 1.330044
harley-seal, 64, 50000000, 0.832949
sse-bit-parallel, 64, 50000000, 1.626273
sse-bit-parallel-original, 64, 50000000, 0.937023
sse-bit-parallel-better, 64, 50000000, 1.554798
sse-harley-seal, 64, 50000000, 0.789716
sse-lookup, 64, 50000000, 0.358143
sse-lookup-original, 64, 50000000, 0.957491
avx2-lookup, 64, 50000000, 0.301698
avx2-lookup-original, 64, 50000000, 0.888960
avx2-harley-seal, 64, 50000000, 0.586983
cpu, 64, 50000000, 0.240583
sse-cpu, 64, 50000000, 0.251156
avx2-cpu, 64, 50000000, 2.115203
avx512-harley-seal, 64, 50000000, 0.817986
avx512bw-shuf, 64, 50000000, 1.782028
builtin-popcnt, 64, 50000000, 0.297781
builtin-popcnt32, 64, 50000000, 0.503216
builtin-popcnt-unrolled, 64, 50000000, 0.250726
builtin-popcnt-unrolled32, 64, 50000000, 0.412323
builtin-popcnt-unrolled-errata, 64, 50000000, 0.203783
builtin-popcnt-unrolled-errata-manual, 64, 50000000, 0.309339
builtin-popcnt-movdq, 64, 50000000, 0.184209
builtin-popcnt-movdq-unrolled, 64, 50000000, 0.235021
builtin-popcnt-movdq-unrolled_manual, 64, 50000000, 0.259096
lookup-8, 128, 25000000, 1.051344
lookup-64, 128, 25000000, 1.052279
bit-parallel, 128, 25000000, 1.085481
bit-parallel-optimized, 128, 25000000, 0.730391
bit-parallel-mul, 128, 25000000, 0.640542
bit-parallel32, 128, 25000000, 1.716924
bit-parallel-optimized32, 128, 25000000, 1.290858
harley-seal, 128, 25000000, 0.509411
sse-bit-parallel, 128, 25000000, 1.297885
sse-bit-parallel-original, 128, 25000000, 0.584757
sse-bit-parallel-better, 128, 25000000, 0.939426
sse-harley-seal, 128, 25000000, 0.569084
sse-lookup, 128, 25000000, 0.241772
sse-lookup-original, 128, 25000000, 0.601173
avx2-lookup, 128, 25000000, 0.205650
avx2-lookup-original, 128, 25000000, 0.525834
avx2-harley-seal, 128, 25000000, 0.372834
cpu, 128, 25000000, 0.164512
sse-cpu, 128, 25000000, 0.215501
avx2-cpu, 128, 25000000, 0.280054
avx512-harley-seal, 128, 25000000, 0.466838
avx512bw-shuf, 128, 25000000, 1.028318
builtin-popcnt, 128, 25000000, 0.274304
builtin-popcnt32, 128, 25000000, 0.502920
builtin-popcnt-unrolled, 128, 25000000, 0.219345
builtin-popcnt-unrolled32, 128, 25000000, 0.321734
builtin-popcnt-unrolled-errata, 128, 25000000, 0.156756
builtin-popcnt-unrolled-errata-manual, 128, 25000000, 0.232449
builtin-popcnt-movdq, 128, 25000000, 0.178152
builtin-popcnt-movdq-unrolled, 128, 25000000, 0.188067
builtin-popcnt-movdq-unrolled_manual, 128, 25000000, 0.204158
lookup-8, 256, 12500000, 1.028267
lookup-64, 256, 12500000, 1.032772
bit-parallel, 256, 12500000, 1.058364
bit-parallel-optimized, 256, 12500000, 0.701735
bit-parallel-mul, 256, 12500000, 0.626809
bit-parallel32, 256, 12500000, 1.704489
bit-parallel-optimized32, 256, 12500000, 1.272147
harley-seal, 256, 12500000, 0.395758
sse-bit-parallel, 256, 12500000, 0.787639
sse-bit-parallel-original, 256, 12500000, 0.496328
sse-bit-parallel-better, 256, 12500000, 0.621790
sse-harley-seal, 256, 12500000, 0.271294
sse-lookup, 256, 12500000, 0.204719
sse-lookup-original, 256, 12500000, 0.438717
avx2-lookup, 256, 12500000, 0.148014
avx2-lookup-original, 256, 12500000, 0.557984
avx2-harley-seal, 256, 12500000, 0.263329
cpu, 256, 12500000, 0.133179
sse-cpu, 256, 12500000, 0.191989
avx2-cpu, 256, 12500000, 0.238748
avx512-harley-seal, 256, 12500000, 0.296055
avx512bw-shuf, 256, 12500000, 0.666020
builtin-popcnt, 256, 12500000, 0.262528
builtin-popcnt32, 256, 12500000, 0.506304
builtin-popcnt-unrolled, 256, 12500000, 0.203696
builtin-popcnt-unrolled32, 256, 12500000, 0.313443
builtin-popcnt-unrolled-errata, 256, 12500000, 0.133179
builtin-popcnt-unrolled-errata-manual, 256, 12500000, 0.195404
builtin-popcnt-movdq, 256, 12500000, 0.179767
builtin-popcnt-movdq-unrolled, 256, 12500000, 0.165897
builtin-popcnt-movdq-unrolled_manual, 256, 12500000, 0.183183
lookup-8, 512, 10000000, 1.681334
lookup-64, 512, 10000000, 1.698893
bit-parallel, 512, 10000000, 1.671548
bit-parallel-optimized, 512, 10000000, 1.099727
bit-parallel-mul, 512, 10000000, 0.991931
bit-parallel32, 512, 10000000, 2.717046
bit-parallel-optimized32, 512, 10000000, 2.020637
harley-seal, 512, 10000000, 0.539081
sse-bit-parallel, 512, 10000000, 0.909539
sse-bit-parallel-original, 512, 10000000, 0.726852
sse-bit-parallel-better, 512, 10000000, 0.739951
sse-harley-seal, 512, 10000000, 0.337169
sse-lookup, 512, 10000000, 0.311352
sse-lookup-original, 512, 10000000, 0.584088
avx2-lookup, 512, 10000000, 0.202291
avx2-lookup-original, 512, 10000000, 0.435561
avx2-harley-seal, 512, 10000000, 0.202886
cpu, 512, 10000000, 0.200547
sse-cpu, 512, 10000000, 0.291467
avx2-cpu, 512, 10000000, 0.351136
avx512-harley-seal, 512, 10000000, 0.331469
avx512bw-shuf, 512, 10000000, 0.630436
builtin-popcnt, 512, 10000000, 0.410584
builtin-popcnt32, 512, 10000000, 0.900079
builtin-popcnt-unrolled, 512, 10000000, 0.313351
builtin-popcnt-unrolled32, 512, 10000000, 0.490740
builtin-popcnt-unrolled-errata, 512, 10000000, 0.203680
builtin-popcnt-unrolled-errata-manual, 512, 10000000, 0.281933
builtin-popcnt-movdq, 512, 10000000, 0.290018
builtin-popcnt-movdq-unrolled, 512, 10000000, 0.247869
builtin-popcnt-movdq-unrolled_manual, 512, 10000000, 0.281964
lookup-8, 1024, 5000000, 1.644384
lookup-64, 1024, 5000000, 1.654461
bit-parallel, 1024, 5000000, 1.660764
bit-parallel-optimized, 1024, 5000000, 1.088216
bit-parallel-mul, 1024, 5000000, 1.024152
bit-parallel32, 1024, 5000000, 2.712248
bit-parallel-optimized32, 1024, 5000000, 2.012871
harley-seal, 1024, 5000000, 0.492072
sse-bit-parallel, 1024, 5000000, 0.737945
sse-bit-parallel-original, 1024, 5000000, 0.688683
sse-bit-parallel-better, 1024, 5000000, 0.614811
sse-harley-seal, 1024, 5000000, 0.289568
sse-lookup, 1024, 5000000, 0.301676
sse-lookup-original, 1024, 5000000, 0.530077
avx2-lookup, 1024, 5000000, 0.169193
avx2-lookup-original, 1024, 5000000, 0.364362
avx2-harley-seal, 1024, 5000000, 0.153993
cpu, 1024, 5000000, 0.200610
sse-cpu, 1024, 5000000, 0.283738
avx2-cpu, 1024, 5000000, 0.335388
avx512-harley-seal, 1024, 5000000, 0.123196
avx512bw-shuf, 1024, 5000000, 0.392111
builtin-popcnt, 1024, 5000000, 0.440204
builtin-popcnt32, 1024, 5000000, 0.871514
builtin-popcnt-unrolled, 1024, 5000000, 0.307220
builtin-popcnt-unrolled32, 1024, 5000000, 0.484783
builtin-popcnt-unrolled-errata, 1024, 5000000, 0.202212
builtin-popcnt-unrolled-errata-manual, 1024, 5000000, 0.266430
builtin-popcnt-movdq, 1024, 5000000, 0.291501
builtin-popcnt-movdq-unrolled, 1024, 5000000, 0.237628
builtin-popcnt-movdq-unrolled_manual, 1024, 5000000, 0.269556
lookup-8, 2048, 2500000, 1.625341
lookup-64, 2048, 2500000, 1.632124
bit-parallel, 2048, 2500000, 1.655276
bit-parallel-optimized, 2048, 2500000, 1.082537
bit-parallel-mul, 2048, 2500000, 1.002628
bit-parallel32, 2048, 2500000, 2.732021
bit-parallel-optimized32, 2048, 2500000, 2.027376
harley-seal, 2048, 2500000, 0.468579
sse-bit-parallel, 2048, 2500000, 0.650031
sse-bit-parallel-original, 2048, 2500000, 0.708479
sse-bit-parallel-better, 2048, 2500000, 0.552134
sse-harley-seal, 2048, 2500000, 0.266253
sse-lookup, 2048, 2500000, 0.296838
sse-lookup-original, 2048, 2500000, 0.522951
avx2-lookup, 2048, 2500000, 0.159270
avx2-lookup-original, 2048, 2500000, 0.333967
avx2-harley-seal, 2048, 2500000, 0.130643
cpu, 2048, 2500000, 0.200583
sse-cpu, 2048, 2500000, 0.279723
avx2-cpu, 2048, 2500000, 0.325868
avx512-harley-seal, 2048, 2500000, 0.083535
avx512bw-shuf, 2048, 2500000, 0.230379
builtin-popcnt, 2048, 2500000, 0.420731
builtin-popcnt32, 2048, 2500000, 0.847465
builtin-popcnt-unrolled, 2048, 2500000, 0.303451
builtin-popcnt-unrolled32, 2048, 2500000, 0.503840
builtin-popcnt-unrolled-errata, 2048, 2500000, 0.201333
builtin-popcnt-unrolled-errata-manual, 2048, 2500000, 0.258520
builtin-popcnt-movdq, 2048, 2500000, 0.308445
builtin-popcnt-movdq-unrolled, 2048, 2500000, 0.232627
builtin-popcnt-movdq-unrolled_manual, 2048, 2500000, 0.264152
lookup-8, 4096, 1250000, 1.615394
lookup-64, 4096, 1250000, 1.621176
bit-parallel, 4096, 1250000, 1.665315
bit-parallel-optimized, 4096, 1250000, 1.091023
bit-parallel-mul, 4096, 1250000, 0.992655
bit-parallel32, 4096, 1250000, 2.719978
bit-parallel-optimized32, 4096, 1250000, 2.016698
harley-seal, 4096, 1250000, 0.465377
sse-bit-parallel, 4096, 1250000, 0.604802
sse-bit-parallel-original, 4096, 1250000, 0.672026
sse-bit-parallel-better, 4096, 1250000, 0.521160
sse-harley-seal, 4096, 1250000, 0.254515
sse-lookup, 4096, 1250000, 0.294830
sse-lookup-original, 4096, 1250000, 0.498982
avx2-lookup, 4096, 1250000, 0.154927
avx2-lookup-original, 4096, 1250000, 0.325076
avx2-harley-seal, 4096, 1250000, 0.118591
cpu, 4096, 1250000, 0.206424
sse-cpu, 4096, 1250000, 0.277774
avx2-cpu, 4096, 1250000, 0.321999
avx512-harley-seal, 4096, 1250000, 0.063268
avx512bw-shuf, 4096, 1250000, 0.187985
builtin-popcnt, 4096, 1250000, 0.411291
builtin-popcnt32, 4096, 1250000, 0.842313
builtin-popcnt-unrolled, 4096, 1250000, 0.310331
builtin-popcnt-unrolled32, 4096, 1250000, 0.495127
builtin-popcnt-unrolled-errata, 4096, 1250000, 0.208698
builtin-popcnt-unrolled-errata-manual, 4096, 1250000, 0.263859
builtin-popcnt-movdq, 4096, 1250000, 0.294042
builtin-popcnt-movdq-unrolled, 4096, 1250000, 0.237968
builtin-popcnt-movdq-unrolled_manual, 4096, 1250000, 0.288451
lookup-8, 32, 100000000, 1.191251
lookup-64, 32, 100000000, 1.165275
bit-parallel, 32, 100000000, 1.269276
bit-parallel-optimized, 32, 100000000, 0.908955
bit-parallel-mul, 32, 100000000, 0.752161
bit-parallel32, 32, 100000000, 1.817577
bit-parallel-optimized32, 32, 100000000, 1.401461
harley-seal, 32, 100000000, 1.014183
sse-bit-parallel, 32, 100000000, 2.022462
sse-bit-parallel-original, 32, 100000000, 1.218029
sse-bit-parallel-better, 32, 100000000, 1.649290
sse-harley-seal, 32, 100000000, 1.229401
sse-lookup, 32, 100000000, 0.501398
sse-lookup-original, 32, 100000000, 1.645870
avx2-lookup, 32, 100000000, 0.552463
avx2-lookup-original, 32, 100000000, 1.506468
avx2-harley-seal, 32, 100000000, 1.034114
cpu, 32, 100000000, 0.344690
sse-cpu, 32, 100000000, 1.785861
avx2-cpu, 32, 100000000, 2.800778
avx512-harley-seal, 32, 100000000, 3.944993
avx512bw-shuf, 32, 100000000, 2.103688
builtin-popcnt, 32, 100000000, 0.344791
builtin-popcnt32, 32, 100000000, 0.502865
builtin-popcnt-unrolled, 32, 100000000, 0.313398
builtin-popcnt-unrolled32, 32, 100000000, 0.437498
builtin-popcnt-unrolled-errata, 32, 100000000, 0.282027
builtin-popcnt-unrolled-errata-manual, 32, 100000000, 0.458547
builtin-popcnt-movdq, 32, 100000000, 0.211515
builtin-popcnt-movdq-unrolled, 32, 100000000, 0.326462
builtin-popcnt-movdq-unrolled_manual, 32, 100000000, 0.407411
lookup-8, 64, 50000000, 1.097615
lookup-64, 64, 50000000, 1.092065
bit-parallel, 64, 50000000, 1.143884
bit-parallel-optimized, 64, 50000000, 0.784030
bit-parallel-mul, 64, 50000000, 0.673892
bit-parallel32, 64, 50000000, 1.741938
bit-parallel-optimized32, 64, 50000000, 1.329988
harley-seal, 64, 50000000, 0.832908
sse-bit-parallel, 64, 50000000, 1.613255
sse-bit-parallel-original, 64, 50000000, 0.790131
sse-bit-parallel-better, 64, 50000000, 1.554766
sse-harley-seal, 64, 50000000, 0.789701
sse-lookup, 64, 50000000, 0.358153
sse-lookup-original, 64, 50000000, 1.040152
avx2-lookup, 64, 50000000, 0.301700
avx2-lookup-original, 64, 50000000, 0.888957
avx2-harley-seal, 64, 50000000, 0.586969
cpu, 64, 50000000, 0.235381
sse-cpu, 64, 50000000, 0.251136
avx2-cpu, 64, 50000000, 2.115162
avx512-harley-seal, 64, 50000000, 0.818180
avx512bw-shuf, 64, 50000000, 1.794100
builtin-popcnt, 64, 50000000, 0.297777
builtin-popcnt32, 64, 50000000, 0.502178
builtin-popcnt-unrolled, 64, 50000000, 0.250723
builtin-popcnt-unrolled32, 64, 50000000, 0.406677
builtin-popcnt-unrolled-errata, 64, 50000000, 0.203677
builtin-popcnt-unrolled-errata-manual, 64, 50000000, 0.309356
builtin-popcnt-movdq, 64, 50000000, 0.184204
builtin-popcnt-movdq-unrolled, 64, 50000000, 0.235019
builtin-popcnt-movdq-unrolled_manual, 64, 50000000, 0.261186
lookup-8, 128, 25000000, 1.051267
lookup-64, 128, 25000000, 1.052516
bit-parallel, 128, 25000000, 1.085484
bit-parallel-optimized, 128, 25000000, 0.730420
bit-parallel-mul, 128, 25000000, 0.640554
bit-parallel32, 128, 25000000, 1.716966
bit-parallel-optimized32, 128, 25000000, 1.290890
harley-seal, 128, 25000000, 0.509311
sse-bit-parallel, 128, 25000000, 1.293610
sse-bit-parallel-original, 128, 25000000, 0.587648
sse-bit-parallel-better, 128, 25000000, 0.939403
sse-harley-seal, 128, 25000000, 0.569093
sse-lookup, 128, 25000000, 0.241743
sse-lookup-original, 128, 25000000, 0.601669
avx2-lookup, 128, 25000000, 0.205760
avx2-lookup-original, 128, 25000000, 0.525598
avx2-harley-seal, 128, 25000000, 0.372851
cpu, 128, 25000000, 0.164511
sse-cpu, 128, 25000000, 0.218100
avx2-cpu, 128, 25000000, 0.280052
avx512-harley-seal, 128, 25000000, 0.466830
avx512bw-shuf, 128, 25000000, 1.019790
builtin-popcnt, 128, 25000000, 0.274281
builtin-popcnt32, 128, 25000000, 0.505042
builtin-popcnt-unrolled, 128, 25000000, 0.219348
builtin-popcnt-unrolled32, 128, 25000000, 0.321858
builtin-popcnt-unrolled-errata, 128, 25000000, 0.156735
builtin-popcnt-unrolled-errata-manual, 128, 25000000, 0.233804
builtin-popcnt-movdq, 128, 25000000, 0.178146
builtin-popcnt-movdq-unrolled, 128, 25000000, 0.188066
builtin-popcnt-movdq-unrolled_manual, 128, 25000000, 0.204178
lookup-8, 256, 12500000, 1.028340
lookup-64, 256, 12500000, 1.032794
bit-parallel, 256, 12500000, 1.058513
bit-parallel-optimized, 256, 12500000, 0.701742
bit-parallel-mul, 256, 12500000, 0.626829
bit-parallel32, 256, 12500000, 1.704441
bit-parallel-optimized32, 256, 12500000, 1.272161
harley-seal, 256, 12500000, 0.395739
sse-bit-parallel, 256, 12500000, 0.787307
sse-bit-parallel-original, 256, 12500000, 0.496396
sse-bit-parallel-better, 256, 12500000, 0.621911
sse-harley-seal, 256, 12500000, 0.271288
sse-lookup, 256, 12500000, 0.204779
sse-lookup-original, 256, 12500000, 0.438731
avx2-lookup, 256, 12500000, 0.148744
avx2-lookup-original, 256, 12500000, 0.557995
avx2-harley-seal, 256, 12500000, 0.263357
cpu, 256, 12500000, 0.134255
sse-cpu, 256, 12500000, 0.191943
avx2-cpu, 256, 12500000, 0.238910
avx512-harley-seal, 256, 12500000, 0.296326
avx512bw-shuf, 256, 12500000, 0.662347
builtin-popcnt, 256, 12500000, 0.262551
builtin-popcnt32, 256, 12500000, 0.506389
builtin-popcnt-unrolled, 256, 12500000, 0.203698
builtin-popcnt-unrolled32, 256, 12500000, 0.313226
builtin-popcnt-unrolled-errata, 256, 12500000, 0.133178
builtin-popcnt-unrolled-errata-manual, 256, 12500000, 0.195603
builtin-popcnt-movdq, 256, 12500000, 0.179777
builtin-popcnt-movdq-unrolled, 256, 12500000, 0.165932
builtin-popcnt-movdq-unrolled_manual, 256, 12500000, 0.183134
lookup-8, 512, 10000000, 1.681448
lookup-64, 512, 10000000, 1.698486
bit-parallel, 512, 10000000, 1.671503
bit-parallel-optimized, 512, 10000000, 1.099671
bit-parallel-mul, 512, 10000000, 0.991957
bit-parallel32, 512, 10000000, 2.717142
bit-parallel-optimized32, 512, 10000000, 2.020376
harley-seal, 512, 10000000, 0.539117
sse-bit-parallel, 512, 10000000, 0.909663
sse-bit-parallel-original, 512, 10000000, 0.726912
sse-bit-parallel-better, 512, 10000000, 0.740705
sse-harley-seal, 512, 10000000, 0.337175
sse-lookup, 512, 10000000, 0.311314
sse-lookup-original, 512, 10000000, 0.584109
avx2-lookup, 512, 10000000, 0.201488
avx2-lookup-original, 512, 10000000, 0.435589
avx2-harley-seal, 512, 10000000, 0.202921
cpu, 512, 10000000, 0.200683
sse-cpu, 512, 10000000, 0.291470
avx2-cpu, 512, 10000000, 0.351188
avx512-harley-seal, 512, 10000000, 0.331488
avx512bw-shuf, 512, 10000000, 0.632675
builtin-popcnt, 512, 10000000, 0.410677
builtin-popcnt32, 512, 10000000, 0.901916
builtin-popcnt-unrolled, 512, 10000000, 0.313351
builtin-popcnt-unrolled32, 512, 10000000, 0.492034
builtin-popcnt-unrolled-errata, 512, 10000000, 0.203681
builtin-popcnt-unrolled-errata-manual, 512, 10000000, 0.282038
builtin-popcnt-movdq, 512, 10000000, 0.290039
builtin-popcnt-movdq-unrolled, 512, 10000000, 0.247888
builtin-popcnt-movdq-unrolled_manual, 512, 10000000, 0.281901
lookup-8, 1024, 5000000, 1.644311
lookup-64, 1024, 5000000, 1.654730
bit-parallel, 1024, 5000000, 1.660887
bit-parallel-optimized, 1024, 5000000, 1.088194
bit-parallel-mul, 1024, 5000000, 1.024215
bit-parallel32, 1024, 5000000, 2.712351
bit-parallel-optimized32, 1024, 5000000, 2.012984
harley-seal, 1024, 5000000, 0.492087
sse-bit-parallel, 1024, 5000000, 0.738650
sse-bit-parallel-original, 1024, 5000000, 0.688676
sse-bit-parallel-better, 1024, 5000000, 0.614295
sse-harley-seal, 1024, 5000000, 0.289603
sse-lookup, 1024, 5000000, 0.301712
sse-lookup-original, 1024, 5000000, 0.530080
avx2-lookup, 1024, 5000000, 0.169169
avx2-lookup-original, 1024, 5000000, 0.364070
avx2-harley-seal, 1024, 5000000, 0.153897
cpu, 1024, 5000000, 0.200616
sse-cpu, 1024, 5000000, 0.283604
avx2-cpu, 1024, 5000000, 0.335243
avx512-harley-seal, 1024, 5000000, 0.123174
avx512bw-shuf, 1024, 5000000, 0.392221
builtin-popcnt, 1024, 5000000, 0.440244
builtin-popcnt32, 1024, 5000000, 0.871702
builtin-popcnt-unrolled, 1024, 5000000, 0.307126
builtin-popcnt-unrolled32, 1024, 5000000, 0.485541
builtin-popcnt-unrolled-errata, 1024, 5000000, 0.202127
builtin-popcnt-unrolled-errata-manual, 1024, 5000000, 0.266357
builtin-popcnt-movdq, 1024, 5000000, 0.291534
builtin-popcnt-movdq-unrolled, 1024, 5000000, 0.237736
builtin-popcnt-movdq-unrolled_manual, 1024, 5000000, 0.269728
lookup-8, 2048, 2500000, 1.625332
lookup-64, 2048, 2500000, 1.632113
bit-parallel, 2048, 2500000, 1.655329
bit-parallel-optimized, 2048, 2500000, 1.082488
bit-parallel-mul, 2048, 2500000, 1.002518
bit-parallel32, 2048, 2500000, 2.731449
bit-parallel-optimized32, 2048, 2500000, 2.027395
harley-seal, 2048, 2500000, 0.468572
sse-bit-parallel, 2048, 2500000, 0.649755
sse-bit-parallel-original, 2048, 2500000, 0.707084
sse-bit-parallel-better, 2048, 2500000, 0.552301
sse-harley-seal, 2048, 2500000, 0.266249
sse-lookup, 2048, 2500000, 0.296828
sse-lookup-original, 2048, 2500000, 0.522492
avx2-lookup, 2048, 2500000, 0.159251
avx2-lookup-original, 2048, 2500000, 0.334432
avx2-harley-seal, 2048, 2500000, 0.130646
cpu, 2048, 2500000, 0.200584
sse-cpu, 2048, 2500000, 0.279678
avx2-cpu, 2048, 2500000, 0.325915
avx512-harley-seal, 2048, 2500000, 0.083444
avx512bw-shuf, 2048, 2500000, 0.228557
builtin-popcnt, 2048, 2500000, 0.420823
builtin-popcnt32, 2048, 2500000, 0.847287
builtin-popcnt-unrolled, 2048, 2500000, 0.303951
builtin-popcnt-unrolled32, 2048, 2500000, 0.505227
builtin-popcnt-unrolled-errata, 2048, 2500000, 0.201330
builtin-popcnt-unrolled-errata-manual, 2048, 2500000, 0.258516
builtin-popcnt-movdq, 2048, 2500000, 0.302055
builtin-popcnt-movdq-unrolled, 2048, 2500000, 0.232600
builtin-popcnt-movdq-unrolled_manual, 2048, 2500000, 0.263998
lookup-8, 4096, 1250000, 1.615394
lookup-64, 4096, 1250000, 1.621149
bit-parallel, 4096, 1250000, 1.665318
bit-parallel-optimized, 4096, 1250000, 1.090827
bit-parallel-mul, 4096, 1250000, 0.992643
bit-parallel32, 4096, 1250000, 2.719923
bit-parallel-optimized32, 4096, 1250000, 2.016764
harley-seal, 4096, 1250000, 0.465279
sse-bit-parallel, 4096, 1250000, 0.605057
sse-bit-parallel-original, 4096, 1250000, 0.671921
sse-bit-parallel-better, 4096, 1250000, 0.520732
sse-harley-seal, 4096, 1250000, 0.254505
sse-lookup, 4096, 1250000, 0.295183
sse-lookup-original, 4096, 1250000, 0.499021
avx2-lookup, 4096, 1250000, 0.154883
avx2-lookup-original, 4096, 1250000, 0.324842
avx2-harley-seal, 4096, 1250000, 0.118575
cpu, 4096, 1250000, 0.206363
sse-cpu, 4096, 1250000, 0.277724
avx2-cpu, 4096, 1250000, 0.322964
avx512-harley-seal, 4096, 1250000, 0.064937
avx512bw-shuf, 4096, 1250000, 0.187969
builtin-popcnt, 4096, 1250000, 0.411350
builtin-popcnt32, 4096, 1250000, 0.841654
builtin-popcnt-unrolled, 4096, 1250000, 0.310292
builtin-popcnt-unrolled32, 4096, 1250000, 0.491515
builtin-popcnt-unrolled-errata, 4096, 1250000, 0.208575
builtin-popcnt-unrolled-errata-manual, 4096, 1250000, 0.263797
builtin-popcnt-movdq, 4096, 1250000, 0.293243
builtin-popcnt-movdq-unrolled, 4096, 1250000, 0.237998
builtin-popcnt-movdq-unrolled_manual, 4096, 1250000, 0.288422
lookup-8, 32, 100000000, 1.191157
lookup-64, 32, 100000000, 1.165158
bit-parallel, 32, 100000000, 1.269174
bit-parallel-optimized, 32, 100000000, 0.908861
bit-parallel-mul, 32, 100000000, 0.752205
bit-parallel32, 32, 100000000, 1.817713
bit-parallel-optimized32, 32, 100000000, 1.401381
harley-seal, 32, 100000000, 1.014196
sse-bit-parallel, 32, 100000000, 2.007139
sse-bit-parallel-original, 32, 100000000, 1.218010
sse-bit-parallel-better, 32, 100000000, 1.649291
sse-harley-seal, 32, 100000000, 1.229447
sse-lookup, 32, 100000000, 0.501422
sse-lookup-original, 32, 100000000, 1.647420
avx2-lookup, 32, 100000000, 0.474447
avx2-lookup-original, 32, 100000000, 1.506393
avx2-harley-seal, 32, 100000000, 1.034107
cpu, 32, 100000000, 0.344711
sse-cpu, 32, 100000000, 1.809993
avx2-cpu, 32, 100000000, 2.801148
avx512-harley-seal, 32, 100000000, 3.944909
avx512bw-shuf, 32, 100000000, 2.133652
builtin-popcnt, 32, 100000000, 0.344818
builtin-popcnt32, 32, 100000000, 0.505363
builtin-popcnt-unrolled, 32, 100000000, 0.313359
builtin-popcnt-unrolled32, 32, 100000000, 0.439254
builtin-popcnt-unrolled-errata, 32, 100000000, 0.282019
builtin-popcnt-unrolled-errata-manual, 32, 100000000, 0.457933
builtin-popcnt-movdq, 32, 100000000, 0.211516
builtin-popcnt-movdq-unrolled, 32, 100000000, 0.325050
builtin-popcnt-movdq-unrolled_manual, 32, 100000000, 0.407368
lookup-8, 64, 50000000, 1.097512
lookup-64, 64, 50000000, 1.092177
bit-parallel, 64, 50000000, 1.143851
bit-parallel-optimized, 64, 50000000, 0.784087
bit-parallel-mul, 64, 50000000, 0.673853
bit-parallel32, 64, 50000000, 1.741979
bit-parallel-optimized32, 64, 50000000, 1.329949
harley-seal, 64, 50000000, 0.833144
sse-bit-parallel, 64, 50000000, 1.613267
sse-bit-parallel-original, 64, 50000000, 0.790676
sse-bit-parallel-better, 64, 50000000, 1.554795
sse-harley-seal, 64, 50000000, 0.789675
sse-lookup, 64, 50000000, 0.358141
sse-lookup-original, 64, 50000000, 0.953882
avx2-lookup, 64, 50000000, 0.301700
avx2-lookup-original, 64, 50000000, 0.888899
avx2-harley-seal, 64, 50000000, 0.586979
cpu, 64, 50000000, 0.238143
sse-cpu, 64, 50000000, 0.251853
avx2-cpu, 64, 50000000, 2.115158
avx512-harley-seal, 64, 50000000, 0.818142
avx512bw-shuf, 64, 50000000, 1.789210
builtin-popcnt, 64, 50000000, 0.297781
builtin-popcnt32, 64, 50000000, 0.504228
builtin-popcnt-unrolled, 64, 50000000, 0.250687
builtin-popcnt-unrolled32, 64, 50000000, 0.414990
builtin-popcnt-unrolled-errata, 64, 50000000, 0.215789
builtin-popcnt-unrolled-errata-manual, 64, 50000000, 0.309348
builtin-popcnt-movdq, 64, 50000000, 0.184202
builtin-popcnt-movdq-unrolled, 64, 50000000, 0.243773
builtin-popcnt-movdq-unrolled_manual, 64, 50000000, 0.284854
lookup-8, 128, 25000000, 1.051271
lookup-64, 128, 25000000, 1.052329
bit-parallel, 128, 25000000, 1.085506
bit-parallel-optimized, 128, 25000000, 0.730390
bit-parallel-mul, 128, 25000000, 0.640654
bit-parallel32, 128, 25000000, 1.716962
bit-parallel-optimized32, 128, 25000000, 1.290987
harley-seal, 128, 25000000, 0.509325
sse-bit-parallel, 128, 25000000, 1.295107
sse-bit-parallel-original, 128, 25000000, 0.585039
sse-bit-parallel-better, 128, 25000000, 0.939482
sse-harley-seal, 128, 25000000, 0.569109
sse-lookup, 128, 25000000, 0.241748
sse-lookup-original, 128, 25000000, 0.601318
avx2-lookup, 128, 25000000, 0.205722
avx2-lookup-original, 128, 25000000, 0.526099
avx2-harley-seal, 128, 25000000, 0.372927
cpu, 128, 25000000, 0.164888
sse-cpu, 128, 25000000, 0.213479
avx2-cpu, 128, 25000000, 0.280104
avx512-harley-seal, 128, 25000000, 0.466907
avx512bw-shuf, 128, 25000000, 1.035877
builtin-popcnt, 128, 25000000, 0.274291
builtin-popcnt32, 128, 25000000, 0.504722
builtin-popcnt-unrolled, 128, 25000000, 0.219344
builtin-popcnt-unrolled32, 128, 25000000, 0.322955
builtin-popcnt-unrolled-errata, 128, 25000000, 0.156728
builtin-popcnt-unrolled-errata-manual, 128, 25000000, 0.232637
builtin-popcnt-movdq, 128, 25000000, 0.178144
builtin-popcnt-movdq-unrolled, 128, 25000000, 0.188070
builtin-popcnt-movdq-unrolled_manual, 128, 25000000, 0.204216
lookup-8, 256, 12500000, 1.028246
lookup-64, 256, 12500000, 1.032656
bit-parallel, 256, 12500000, 1.058255
bit-parallel-optimized, 256, 12500000, 0.701739
bit-parallel-mul, 256, 12500000, 0.626741
bit-parallel32, 256, 12500000, 1.704441
bit-parallel-optimized32, 256, 12500000, 1.272193
harley-seal, 256, 12500000, 0.395727
sse-bit-parallel, 256, 12500000, 0.787504
sse-bit-parallel-original, 256, 12500000, 0.496417
sse-bit-parallel-better, 256, 12500000, 0.621892
sse-harley-seal, 256, 12500000, 0.271295
sse-lookup, 256, 12500000, 0.204747
sse-lookup-original, 256, 12500000, 0.438713
avx2-lookup, 256, 12500000, 0.148510
avx2-lookup-original, 256, 12500000, 0.558355
avx2-harley-seal, 256, 12500000, 0.263320
cpu, 256, 12500000, 0.133175
sse-cpu, 256, 12500000, 0.192077
avx2-cpu, 256, 12500000, 0.238750
avx512-harley-seal, 256, 12500000, 0.296265
avx512bw-shuf, 256, 12500000, 0.664217
builtin-popcnt, 256, 12500000, 0.262528
builtin-popcnt32, 256, 12500000, 0.506173
builtin-popcnt-unrolled, 256, 12500000, 0.203682
builtin-popcnt-unrolled32, 256, 12500000, 0.313225
builtin-popcnt-unrolled-errata, 256, 12500000, 0.133175
builtin-popcnt-unrolled-errata-manual, 256, 12500000, 0.195861
builtin-popcnt-movdq, 256, 12500000, 0.179800
builtin-popcnt-movdq-unrolled, 256, 12500000, 0.165876
builtin-popcnt-movdq-unrolled_manual, 256, 12500000, 0.183157
lookup-8, 512, 10000000, 1.681538
lookup-64, 512, 10000000, 1.697947
bit-parallel, 512, 10000000, 1.671741
bit-parallel-optimized, 512, 10000000, 1.099740
bit-parallel-mul, 512, 10000000, 0.991979
bit-parallel32, 512, 10000000, 2.717117
bit-parallel-optimized32, 512, 10000000, 2.020387
harley-seal, 512, 10000000, 0.539079
sse-bit-parallel, 512, 10000000, 0.912264
sse-bit-parallel-original, 512, 10000000, 0.726856
sse-bit-parallel-better, 512, 10000000, 0.740916
sse-harley-seal, 512, 10000000, 0.337219
sse-lookup, 512, 10000000, 0.311300
sse-lookup-original, 512, 10000000, 0.584175
avx2-lookup, 512, 10000000, 0.198705
avx2-lookup-original, 512, 10000000, 0.435563
avx2-harley-seal, 512, 10000000, 0.202851
cpu, 512, 10000000, 0.200650
sse-cpu, 512, 10000000, 0.291575
avx2-cpu, 512, 10000000, 0.350986
avx512-harley-seal, 512, 10000000, 0.331463
avx512bw-shuf, 512, 10000000, 0.633298
builtin-popcnt, 512, 10000000, 0.410585
builtin-popcnt32, 512, 10000000, 0.901393
builtin-popcnt-unrolled, 512, 10000000, 0.313452
builtin-popcnt-unrolled32, 512, 10000000, 0.490781
builtin-popcnt-unrolled-errata, 512, 10000000, 0.203792
builtin-popcnt-unrolled-errata-manual, 512, 10000000, 0.281929
builtin-popcnt-movdq, 512, 10000000, 0.290033
builtin-popcnt-movdq-unrolled, 512, 10000000, 0.247849
builtin-popcnt-movdq-unrolled_manual, 512, 10000000, 0.281975
lookup-8, 1024, 5000000, 1.644313
lookup-64, 1024, 5000000, 1.654698
bit-parallel, 1024, 5000000, 1.660957
bit-parallel-optimized, 1024, 5000000, 1.088242
bit-parallel-mul, 1024, 5000000, 1.024260
bit-parallel32, 1024, 5000000, 2.712213
bit-parallel-optimized32, 1024, 5000000, 2.012832
harley-seal, 1024, 5000000, 0.492085
sse-bit-parallel, 1024, 5000000, 0.737905
sse-bit-parallel-original, 1024, 5000000, 0.688647
sse-bit-parallel-better, 1024, 5000000, 0.614504
sse-harley-seal, 1024, 5000000, 0.289588
sse-lookup, 1024, 5000000, 0.301653
sse-lookup-original, 1024, 5000000, 0.530098
avx2-lookup, 1024, 5000000, 0.169136
avx2-lookup-original, 1024, 5000000, 0.363960
avx2-harley-seal, 1024, 5000000, 0.153893
cpu, 1024, 5000000, 0.200621
sse-cpu, 1024, 5000000, 0.283625
avx2-cpu, 1024, 5000000, 0.335290
avx512-harley-seal, 1024, 5000000, 0.123184
avx512bw-shuf, 1024, 5000000, 0.390101
builtin-popcnt, 1024, 5000000, 0.440148
builtin-popcnt32, 1024, 5000000, 0.871124
builtin-popcnt-unrolled, 1024, 5000000, 0.307028
builtin-popcnt-unrolled32, 1024, 5000000, 0.486537
builtin-popcnt-unrolled-errata, 1024, 5000000, 0.202116
builtin-popcnt-unrolled-errata-manual, 1024, 5000000, 0.266377
builtin-popcnt-movdq, 1024, 5000000, 0.291484
builtin-popcnt-movdq-unrolled, 1024, 5000000, 0.237616
builtin-popcnt-movdq-unrolled_manual, 1024, 5000000, 0.269651
lookup-8, 2048, 2500000, 1.625523
lookup-64, 2048, 2500000, 1.632166
bit-parallel, 2048, 2500000, 1.655126
bit-parallel-optimized, 2048, 2500000, 1.082483
bit-parallel-mul, 2048, 2500000, 1.002561
bit-parallel32, 2048, 2500000, 2.731915
bit-parallel-optimized32, 2048, 2500000, 2.027409
harley-seal, 2048, 2500000, 0.468576
sse-bit-parallel, 2048, 2500000, 0.648836
sse-bit-parallel-original, 2048, 2500000, 0.690067
sse-bit-parallel-better, 2048, 2500000, 0.552480
sse-harley-seal, 2048, 2500000, 0.266238
sse-lookup, 2048, 2500000, 0.296830
sse-lookup-original, 2048, 2500000, 0.522328
avx2-lookup, 2048, 2500000, 0.159245
avx2-lookup-original, 2048, 2500000, 0.334654
avx2-harley-seal, 2048, 2500000, 0.130640
cpu, 2048, 2500000, 0.200578
sse-cpu, 2048, 2500000, 0.279681
avx2-cpu, 2048, 2500000, 0.325931
avx512-harley-seal, 2048, 2500000, 0.083498
avx512bw-shuf, 2048, 2500000, 0.228547
builtin-popcnt, 2048, 2500000, 0.420736
builtin-popcnt32, 2048, 2500000, 0.847345
builtin-popcnt-unrolled, 2048, 2500000, 0.303855
builtin-popcnt-unrolled32, 2048, 2500000, 0.503308
builtin-popcnt-unrolled-errata, 2048, 2500000, 0.201330
builtin-popcnt-unrolled-errata-manual, 2048, 2500000, 0.258513
builtin-popcnt-movdq, 2048, 2500000, 0.306642
builtin-popcnt-movdq-unrolled, 2048, 2500000, 0.232606
builtin-popcnt-movdq-unrolled_manual, 2048, 2500000, 0.264096
lookup-8, 4096, 1250000, 1.615394
lookup-64, 4096, 1250000, 1.621233
bit-parallel, 4096, 1250000, 1.665393
bit-parallel-optimized, 4096, 1250000, 1.090796
bit-parallel-mul, 4096, 1250000, 0.992676
bit-parallel32, 4096, 1250000, 2.719729
bit-parallel-optimized32, 4096, 1250000, 2.016656
harley-seal, 4096, 1250000, 0.465247
sse-bit-parallel, 4096, 1250000, 0.604865
sse-bit-parallel-original, 4096, 1250000, 0.672345
sse-bit-parallel-better, 4096, 1250000, 0.521014
sse-harley-seal, 4096, 1250000, 0.254519
sse-lookup, 4096, 1250000, 0.294834
sse-lookup-original, 4096, 1250000, 0.499029
avx2-lookup, 4096, 1250000, 0.155302
avx2-lookup-original, 4096, 1250000, 0.324803
avx2-harley-seal, 4096, 1250000, 0.118572
cpu, 4096, 1250000, 0.206422
sse-cpu, 4096, 1250000, 0.277725
avx2-cpu, 4096, 1250000, 0.322779
avx512-harley-seal, 4096, 1250000, 0.065145
avx512bw-shuf, 4096, 1250000, 0.187968
builtin-popcnt, 4096, 1250000, 0.411292
builtin-popcnt32, 4096, 1250000, 0.841648
builtin-popcnt-unrolled, 4096, 1250000, 0.309668
builtin-popcnt-unrolled32, 4096, 1250000, 0.494872
builtin-popcnt-unrolled-errata, 4096, 1250000, 0.208721
builtin-popcnt-unrolled-errata-manual, 4096, 1250000, 0.263793
builtin-popcnt-movdq, 4096, 1250000, 0.294898
builtin-popcnt-movdq-unrolled, 4096, 1250000, 0.238006
builtin-popcnt-movdq-unrolled_manual, 4096, 1250000, 0.288747
lookup-8, 32, 100000000, 1.191168
lookup-64, 32, 100000000, 1.165188
bit-parallel, 32, 100000000, 1.269222
bit-parallel-optimized, 32, 100000000, 0.908825
bit-parallel-mul, 32, 100000000, 0.752213
bit-parallel32, 32, 100000000, 1.817571
bit-parallel-optimized32, 32, 100000000, 1.401332
harley-seal, 32, 100000000, 1.013299
sse-bit-parallel, 32, 100000000, 2.019274
sse-bit-parallel-original, 32, 100000000, 1.217985
sse-bit-parallel-better, 32, 100000000, 1.649239
sse-harley-seal, 32, 100000000, 1.229604
sse-lookup, 32, 100000000, 0.501386
sse-lookup-original, 32, 100000000, 1.650198
avx2-lookup, 32, 100000000, 0.474210
avx2-lookup-original, 32, 100000000, 1.506360
avx2-harley-seal, 32, 100000000, 1.034069
cpu, 32, 100000000, 0.344736
sse-cpu, 32, 100000000, 1.741584
avx2-cpu, 32, 100000000, 2.800639
avx512-harley-seal, 32, 100000000, 3.946253
avx512bw-shuf, 32, 100000000, 2.148156
builtin-popcnt, 32, 100000000, 0.344823
builtin-popcnt32, 32, 100000000, 0.501608
builtin-popcnt-unrolled, 32, 100000000, 0.313365
builtin-popcnt-unrolled32, 32, 100000000, 0.444991
builtin-popcnt-unrolled-errata, 32, 100000000, 0.282018
builtin-popcnt-unrolled-errata-manual, 32, 100000000, 0.457350
builtin-popcnt-movdq, 32, 100000000, 0.211515
builtin-popcnt-movdq-unrolled, 32, 100000000, 0.326466
builtin-popcnt-movdq-unrolled_manual, 32, 100000000, 0.407366
lookup-8, 64, 50000000, 1.097577
lookup-64, 64, 50000000, 1.092041
bit-parallel, 64, 50000000, 1.143855
bit-parallel-optimized, 64, 50000000, 0.784040
bit-parallel-mul, 64, 50000000, 0.673872
bit-parallel32, 64, 50000000, 1.742070
bit-parallel-optimized32, 64, 50000000, 1.329948
harley-seal, 64, 50000000, 0.833177
sse-bit-parallel, 64, 50000000, 1.644439
sse-bit-parallel-original, 64, 50000000, 0.788439
sse-bit-parallel-better, 64, 50000000, 1.554840
sse-harley-seal, 64, 50000000, 0.789728
sse-lookup, 64, 50000000, 0.358152
sse-lookup-original, 64, 50000000, 0.961469
avx2-lookup, 64, 50000000, 0.301701
avx2-lookup-original, 64, 50000000, 0.888865
avx2-harley-seal, 64, 50000000, 0.586996
cpu, 64, 50000000, 0.235017
sse-cpu, 64, 50000000, 0.250919
avx2-cpu, 64, 50000000, 2.115233
avx512-harley-seal, 64, 50000000, 0.818271
avx512bw-shuf, 64, 50000000, 1.802266
builtin-popcnt, 64, 50000000, 0.297816
builtin-popcnt32, 64, 50000000, 0.501257
builtin-popcnt-unrolled, 64, 50000000, 0.250684
builtin-popcnt-unrolled32, 64, 50000000, 0.401758
builtin-popcnt-unrolled-errata, 64, 50000000, 0.203680
builtin-popcnt-unrolled-errata-manual, 64, 50000000, 0.307614
builtin-popcnt-movdq, 64, 50000000, 0.184207
builtin-popcnt-movdq-unrolled, 64, 50000000, 0.235017
builtin-popcnt-movdq-unrolled_manual, 64, 50000000, 0.263886
lookup-8, 128, 25000000, 1.051241
lookup-64, 128, 25000000, 1.052346
bit-parallel, 128, 25000000, 1.085496
bit-parallel-optimized, 128, 25000000, 0.730413
bit-parallel-mul, 128, 25000000, 0.640588
bit-parallel32, 128, 25000000, 1.716867
bit-parallel-optimized32, 128, 25000000, 1.290918
harley-seal, 128, 25000000, 0.509317
sse-bit-parallel, 128, 25000000, 1.296829
sse-bit-parallel-original, 128, 25000000, 0.585245
sse-bit-parallel-better, 128, 25000000, 0.939420
sse-harley-seal, 128, 25000000, 0.569144
sse-lookup, 128, 25000000, 0.241748
sse-lookup-original, 128, 25000000, 0.601305
avx2-lookup, 128, 25000000, 0.205548
avx2-lookup-original, 128, 25000000, 0.525437
avx2-harley-seal, 128, 25000000, 0.372867
cpu, 128, 25000000, 0.164518
sse-cpu, 128, 25000000, 0.215743
avx2-cpu, 128, 25000000, 0.280056
avx512-harley-seal, 128, 25000000, 0.466889
avx512bw-shuf, 128, 25000000, 1.041743
builtin-popcnt, 128, 25000000, 0.274293
builtin-popcnt32, 128, 25000000, 0.504448
builtin-popcnt-unrolled, 128, 25000000, 0.219348
builtin-popcnt-unrolled32, 128, 25000000, 0.322672
builtin-popcnt-unrolled-errata, 128, 25000000, 0.156730
builtin-popcnt-unrolled-errata-manual, 128, 25000000, 0.232682
builtin-popcnt-movdq, 128, 25000000, 0.178137
builtin-popcnt-movdq-unrolled, 128, 25000000, 0.188073
builtin-popcnt-movdq-unrolled_manual, 128, 25000000, 0.204163
lookup-8, 256, 12500000, 1.028171
lookup-64, 256, 12500000, 1.032528
bit-parallel, 256, 12500000, 1.058293
bit-parallel-optimized, 256, 12500000, 0.701806
bit-parallel-mul, 256, 12500000, 0.626743
bit-parallel32, 256, 12500000, 1.704439
bit-parallel-optimized32, 256, 12500000, 1.272150
harley-seal, 256, 12500000, 0.395729
sse-bit-parallel, 256, 12500000, 0.787318
sse-bit-parallel-original, 256, 12500000, 0.496339
sse-bit-parallel-better, 256, 12500000, 0.621665
sse-harley-seal, 256, 12500000, 0.271293
sse-lookup, 256, 12500000, 0.204641
sse-lookup-original, 256, 12500000, 0.438717
avx2-lookup, 256, 12500000, 0.149679
avx2-lookup-original, 256, 12500000, 0.558007
avx2-harley-seal, 256, 12500000, 0.263326
cpu, 256, 12500000, 0.133177
sse-cpu, 256, 12500000, 0.192072
avx2-cpu, 256, 12500000, 0.238743
avx512-harley-seal, 256, 12500000, 0.296271
avx512bw-shuf, 256, 12500000, 0.675941
builtin-popcnt, 256, 12500000, 0.262530
builtin-popcnt32, 256, 12500000, 0.505926
builtin-popcnt-unrolled, 256, 12500000, 0.203682
builtin-popcnt-unrolled32, 256, 12500000, 0.312956
builtin-popcnt-unrolled-errata, 256, 12500000, 0.133176
builtin-popcnt-unrolled-errata-manual, 256, 12500000, 0.195487
builtin-popcnt-movdq, 256, 12500000, 0.179771
builtin-popcnt-movdq-unrolled, 256, 12500000, 0.166011
builtin-popcnt-movdq-unrolled_manual, 256, 12500000, 0.183150
lookup-8, 512, 10000000, 1.681446
lookup-64, 512, 10000000, 1.697001
bit-parallel, 512, 10000000, 1.671542
bit-parallel-optimized, 512, 10000000, 1.099732
bit-parallel-mul, 512, 10000000, 0.991933
bit-parallel32, 512, 10000000, 2.717149
bit-parallel-optimized32, 512, 10000000, 2.020405
harley-seal, 512, 10000000, 0.539142
sse-bit-parallel, 512, 10000000, 0.913284
sse-bit-parallel-original, 512, 10000000, 0.726855
sse-bit-parallel-better, 512, 10000000, 0.740705
sse-harley-seal, 512, 10000000, 0.337182
sse-lookup, 512, 10000000, 0.311310
sse-lookup-original, 512, 10000000, 0.584499
avx2-lookup, 512, 10000000, 0.197061
avx2-lookup-original, 512, 10000000, 0.435571
avx2-harley-seal, 512, 10000000, 0.202853
cpu, 512, 10000000, 0.202014
sse-cpu, 512, 10000000, 0.291479
avx2-cpu, 512, 10000000, 0.351193
avx512-harley-seal, 512, 10000000, 0.331462
avx512bw-shuf, 512, 10000000, 0.638713
builtin-popcnt, 512, 10000000, 0.410586
builtin-popcnt32, 512, 10000000, 0.902437
builtin-popcnt-unrolled, 512, 10000000, 0.313350
builtin-popcnt-unrolled32, 512, 10000000, 0.492296
builtin-popcnt-unrolled-errata, 512, 10000000, 0.203682
builtin-popcnt-unrolled-errata-manual, 512, 10000000, 0.282025
builtin-popcnt-movdq, 512, 10000000, 0.290038
builtin-popcnt-movdq-unrolled, 512, 10000000, 0.247938
builtin-popcnt-movdq-unrolled_manual, 512, 10000000, 0.281864
lookup-8, 1024, 5000000, 1.644199
lookup-64, 1024, 5000000, 1.654522
bit-parallel, 1024, 5000000, 1.660773
bit-parallel-optimized, 1024, 5000000, 1.088185
bit-parallel-mul, 1024, 5000000, 1.024247
bit-parallel32, 1024, 5000000, 2.712174
bit-parallel-optimized32, 1024, 5000000, 2.012899
harley-seal, 1024, 5000000, 0.492096
sse-bit-parallel, 1024, 5000000, 0.738124
sse-bit-parallel-original, 1024, 5000000, 0.688674
sse-bit-parallel-better, 1024, 5000000, 0.614950
sse-harley-seal, 1024, 5000000, 0.289663
sse-lookup, 1024, 5000000, 0.303556
sse-lookup-original, 1024, 5000000, 0.530049
avx2-lookup, 1024, 5000000, 0.172995
avx2-lookup-original, 1024, 5000000, 0.362151
avx2-harley-seal, 1024, 5000000, 0.153892
cpu, 1024, 5000000, 0.200608
sse-cpu, 1024, 5000000, 0.283620
avx2-cpu, 1024, 5000000, 0.339773
avx512-harley-seal, 1024, 5000000, 0.150999
avx512bw-shuf, 1024, 5000000, 0.392333
builtin-popcnt, 1024, 5000000, 0.440320
builtin-popcnt32, 1024, 5000000, 0.871502
builtin-popcnt-unrolled, 1024, 5000000, 0.307077
builtin-popcnt-unrolled32, 1024, 5000000, 0.486432
builtin-popcnt-unrolled-errata, 1024, 5000000, 0.202112
builtin-popcnt-unrolled-errata-manual, 1024, 5000000, 0.266345
builtin-popcnt-movdq, 1024, 5000000, 0.291465
builtin-popcnt-movdq-unrolled, 1024, 5000000, 0.237684
builtin-popcnt-movdq-unrolled_manual, 1024, 5000000, 0.269651
lookup-8, 2048, 2500000, 1.625417
lookup-64, 2048, 2500000, 1.631902
bit-parallel, 2048, 2500000, 1.655411
bit-parallel-optimized, 2048, 2500000, 1.082489
bit-parallel-mul, 2048, 2500000, 1.002549
bit-parallel32, 2048, 2500000, 2.731823
bit-parallel-optimized32, 2048, 2500000, 2.027349
harley-seal, 2048, 2500000, 0.468595
sse-bit-parallel, 2048, 2500000, 0.649233
sse-bit-parallel-original, 2048, 2500000, 0.675979
sse-bit-parallel-better, 2048, 2500000, 0.552612
sse-harley-seal, 2048, 2500000, 0.266268
sse-lookup, 2048, 2500000, 0.296828
sse-lookup-original, 2048, 2500000, 0.522804
avx2-lookup, 2048, 2500000, 0.159252
avx2-lookup-original, 2048, 2500000, 0.335125
avx2-harley-seal, 2048, 2500000, 0.130848
cpu, 2048, 2500000, 0.200701
sse-cpu, 2048, 2500000, 0.279711
avx2-cpu, 2048, 2500000, 0.325991
avx512-harley-seal, 2048, 2500000, 0.083440
avx512bw-shuf, 2048, 2500000, 0.227941
builtin-popcnt, 2048, 2500000, 0.420695
builtin-popcnt32, 2048, 2500000, 0.847009
builtin-popcnt-unrolled, 2048, 2500000, 0.303461
builtin-popcnt-unrolled32, 2048, 2500000, 0.505166
builtin-popcnt-unrolled-errata, 2048, 2500000, 0.201332
builtin-popcnt-unrolled-errata-manual, 2048, 2500000, 0.258501
builtin-popcnt-movdq, 2048, 2500000, 0.304814
builtin-popcnt-movdq-unrolled, 2048, 2500000, 0.232537
builtin-popcnt-movdq-unrolled_manual, 2048, 2500000, 0.264030
lookup-8, 4096, 1250000, 1.615413
lookup-64, 4096, 1250000, 1.621199
bit-parallel, 4096, 1250000, 1.665160
bit-parallel-optimized, 4096, 1250000, 1.090938
bit-parallel-mul, 4096, 1250000, 0.992678
bit-parallel32, 4096, 1250000, 2.719650
bit-parallel-optimized32, 4096, 1250000, 2.016579
harley-seal, 4096, 1250000, 0.465244
sse-bit-parallel, 4096, 1250000, 0.604643
sse-bit-parallel-original, 4096, 1250000, 0.672272
sse-bit-parallel-better, 4096, 1250000, 0.521272
sse-harley-seal, 4096, 1250000, 0.254548
sse-lookup, 4096, 1250000, 0.294916
sse-lookup-original, 4096, 1250000, 0.499019
avx2-lookup, 4096, 1250000, 0.162160
avx2-lookup-original, 4096, 1250000, 0.324358
avx2-harley-seal, 4096, 1250000, 0.118574
cpu, 4096, 1250000, 0.206315
sse-cpu, 4096, 1250000, 0.277721
avx2-cpu, 4096, 1250000, 0.322706
avx512-harley-seal, 4096, 1250000, 0.063266
avx512bw-shuf, 4096, 1250000, 0.187979
builtin-popcnt, 4096, 1250000, 0.411326
builtin-popcnt32, 4096, 1250000, 0.842057
builtin-popcnt-unrolled, 4096, 1250000, 0.310060
builtin-popcnt-unrolled32, 4096, 1250000, 0.491540
builtin-popcnt-unrolled-errata, 4096, 1250000, 0.208970
builtin-popcnt-unrolled-errata-manual, 4096, 1250000, 0.263803
builtin-popcnt-movdq, 4096, 1250000, 0.294898
builtin-popcnt-movdq-unrolled, 4096, 1250000, 0.237972
builtin-popcnt-movdq-unrolled_manual, 4096, 1250000, 0.288403
lookup-8, 32, 100000000, 1.191243
lookup-64, 32, 100000000, 1.165109
bit-parallel, 32, 100000000, 1.269308
bit-parallel-optimized, 32, 100000000, 0.908825
bit-parallel-mul, 32, 100000000, 0.752178
bit-parallel32, 32, 100000000, 1.817581
bit-parallel-optimized32, 32, 100000000, 1.401326
harley-seal, 32, 100000000, 1.014848
sse-bit-parallel, 32, 100000000, 2.012448
sse-bit-parallel-original, 32, 100000000, 1.218406
sse-bit-parallel-better, 32, 100000000, 1.649254
sse-harley-seal, 32, 100000000, 1.229379
sse-lookup, 32, 100000000, 0.501387
sse-lookup-original, 32, 100000000, 1.645308
avx2-lookup, 32, 100000000, 0.474436
avx2-lookup-original, 32, 100000000, 1.506438
avx2-harley-seal, 32, 100000000, 1.034063
cpu, 32, 100000000, 0.344723
sse-cpu, 32, 100000000, 1.734487
avx2-cpu, 32, 100000000, 2.859976
avx512-harley-seal, 32, 100000000, 3.945785
avx512bw-shuf, 32, 100000000, 2.131796
builtin-popcnt, 32, 100000000, 0.344784
builtin-popcnt32, 32, 100000000, 0.504110
builtin-popcnt-unrolled, 32, 100000000, 0.313363
builtin-popcnt-unrolled32, 32, 100000000, 0.452463
builtin-popcnt-unrolled-errata, 32, 100000000, 0.282022
builtin-popcnt-unrolled-errata-manual, 32, 100000000, 0.458283
builtin-popcnt-movdq, 32, 100000000, 0.211517
builtin-popcnt-movdq-unrolled, 32, 100000000, 0.326385
builtin-popcnt-movdq-unrolled_manual, 32, 100000000, 0.407372
lookup-8, 64, 50000000, 1.097576
lookup-64, 64, 50000000, 1.092236
bit-parallel, 64, 50000000, 1.143895
bit-parallel-optimized, 64, 50000000, 0.784041
bit-parallel-mul, 64, 50000000, 0.673908
bit-parallel32, 64, 50000000, 1.741940
bit-parallel-optimized32, 64, 50000000, 1.330009
harley-seal, 64, 50000000, 0.832923
sse-bit-parallel, 64, 50000000, 1.611961
sse-bit-parallel-original, 64, 50000000, 0.790925
sse-bit-parallel-better, 64, 50000000, 1.554787
sse-harley-seal, 64, 50000000, 0.789721
sse-lookup, 64, 50000000, 0.358152
sse-lookup-original, 64, 50000000, 0.956257
avx2-lookup, 64, 50000000, 0.301706
avx2-lookup-original, 64, 50000000, 0.888945
avx2-harley-seal, 64, 50000000, 0.586832
cpu, 64, 50000000, 0.235713
sse-cpu, 64, 50000000, 0.252708
avx2-cpu, 64, 50000000, 2.115403
avx512-harley-seal, 64, 50000000, 0.818335
avx512bw-shuf, 64, 50000000, 1.806702
builtin-popcnt, 64, 50000000, 0.297778
builtin-popcnt32, 64, 50000000, 0.504504
builtin-popcnt-unrolled, 64, 50000000, 0.250726
builtin-popcnt-unrolled32, 64, 50000000, 0.408025
builtin-popcnt-unrolled-errata, 64, 50000000, 0.203683
builtin-popcnt-unrolled-errata-manual, 64, 50000000, 0.310614
builtin-popcnt-movdq, 64, 50000000, 0.184212
builtin-popcnt-movdq-unrolled, 64, 50000000, 0.235017
builtin-popcnt-movdq-unrolled_manual, 64, 50000000, 0.260086
lookup-8, 128, 25000000, 1.051179
lookup-64, 128, 25000000, 1.052270
bit-parallel, 128, 25000000, 1.085511
bit-parallel-optimized, 128, 25000000, 0.730429
bit-parallel-mul, 128, 25000000, 0.640590
bit-parallel32, 128, 25000000, 1.716953
bit-parallel-optimized32, 128, 25000000, 1.290902
harley-seal, 128, 25000000, 0.509306
sse-bit-parallel, 128, 25000000, 1.293256
sse-bit-parallel-original, 128, 25000000, 0.585753
sse-bit-parallel-better, 128, 25000000, 0.939406
sse-harley-seal, 128, 25000000, 0.569101
sse-lookup, 128, 25000000, 0.241741
sse-lookup-original, 128, 25000000, 0.601140
avx2-lookup, 128, 25000000, 0.205661
avx2-lookup-original, 128, 25000000, 0.525903
avx2-harley-seal, 128, 25000000, 0.372816
cpu, 128, 25000000, 0.164616
sse-cpu, 128, 25000000, 0.216955
avx2-cpu, 128, 25000000, 0.280043
avx512-harley-seal, 128, 25000000, 0.466873
avx512bw-shuf, 128, 25000000, 1.020720
builtin-popcnt, 128, 25000000, 0.274282
builtin-popcnt32, 128, 25000000, 0.503725
builtin-popcnt-unrolled, 128, 25000000, 0.219347
builtin-popcnt-unrolled32, 128, 25000000, 0.322273
builtin-popcnt-unrolled-errata, 128, 25000000, 0.156733
builtin-popcnt-unrolled-errata-manual, 128, 25000000, 0.232153
builtin-popcnt-movdq, 128, 25000000, 0.178142
builtin-popcnt-movdq-unrolled, 128, 25000000, 0.188077
builtin-popcnt-movdq-unrolled_manual, 128, 25000000, 0.204180
lookup-8, 256, 12500000, 1.028264
lookup-64, 256, 12500000, 1.032714
bit-parallel, 256, 12500000, 1.058468
bit-parallel-optimized, 256, 12500000, 0.701707
bit-parallel-mul, 256, 12500000, 0.626739
bit-parallel32, 256, 12500000, 1.704413
bit-parallel-optimized32, 256, 12500000, 1.272134
harley-seal, 256, 12500000, 0.395717
sse-bit-parallel, 256, 12500000, 0.787615
sse-bit-parallel-original, 256, 12500000, 0.496250
sse-bit-parallel-better, 256, 12500000, 0.622162
sse-harley-seal, 256, 12500000, 0.271309
sse-lookup, 256, 12500000, 0.204816
sse-lookup-original, 256, 12500000, 0.438728
avx2-lookup, 256, 12500000, 0.146850
avx2-lookup-original, 256, 12500000, 0.558465
avx2-harley-seal, 256, 12500000, 0.263320
cpu, 256, 12500000, 0.133175
sse-cpu, 256, 12500000, 0.191931
avx2-cpu, 256, 12500000, 0.238737
avx512-harley-seal, 256, 12500000, 0.296270
avx512bw-shuf, 256, 12500000, 0.670529
builtin-popcnt, 256, 12500000, 0.262525
builtin-popcnt32, 256, 12500000, 0.506138
builtin-popcnt-unrolled, 256, 12500000, 0.203707
builtin-popcnt-unrolled32, 256, 12500000, 0.313710
builtin-popcnt-unrolled-errata, 256, 12500000, 0.133181
builtin-popcnt-unrolled-errata-manual, 256, 12500000, 0.195523
builtin-popcnt-movdq, 256, 12500000, 0.179762
builtin-popcnt-movdq-unrolled, 256, 12500000, 0.165858
builtin-popcnt-movdq-unrolled_manual, 256, 12500000, 0.183143
lookup-8, 512, 10000000, 1.681485
lookup-64, 512, 10000000, 1.697354
bit-parallel, 512, 10000000, 1.671565
bit-parallel-optimized, 512, 10000000, 1.099689
bit-parallel-mul, 512, 10000000, 0.991927
bit-parallel32, 512, 10000000, 2.717061
bit-parallel-optimized32, 512, 10000000, 2.020347
harley-seal, 512, 10000000, 0.539079
sse-bit-parallel, 512, 10000000, 0.911385
sse-bit-parallel-original, 512, 10000000, 0.726843
sse-bit-parallel-better, 512, 10000000, 0.740380
sse-harley-seal, 512, 10000000, 0.337174
sse-lookup, 512, 10000000, 0.311339
sse-lookup-original, 512, 10000000, 0.584014
avx2-lookup, 512, 10000000, 0.206707
avx2-lookup-original, 512, 10000000, 0.435564
avx2-harley-seal, 512, 10000000, 0.202855
cpu, 512, 10000000, 0.200551
sse-cpu, 512, 10000000, 0.291468
avx2-cpu, 512, 10000000, 0.351067
avx512-harley-seal, 512, 10000000, 0.331461
avx512bw-shuf, 512, 10000000, 0.634624
builtin-popcnt, 512, 10000000, 0.410584
builtin-popcnt32, 512, 10000000, 0.901850
builtin-popcnt-unrolled, 512, 10000000, 0.313103
builtin-popcnt-unrolled32, 512, 10000000, 0.489604
builtin-popcnt-unrolled-errata, 512, 10000000, 0.203691
builtin-popcnt-unrolled-errata-manual, 512, 10000000, 0.282021
builtin-popcnt-movdq, 512, 10000000, 0.290011
builtin-popcnt-movdq-unrolled, 512, 10000000, 0.247877
builtin-popcnt-movdq-unrolled_manual, 512, 10000000, 0.282008
lookup-8, 1024, 5000000, 1.644230
lookup-64, 1024, 5000000, 1.654740
bit-parallel, 1024, 5000000, 1.660637
bit-parallel-optimized, 1024, 5000000, 1.088222
bit-parallel-mul, 1024, 5000000, 1.024256
bit-parallel32, 1024, 5000000, 2.712215
bit-parallel-optimized32, 1024, 5000000, 2.012819
harley-seal, 1024, 5000000, 0.492083
sse-bit-parallel, 1024, 5000000, 0.738392
sse-bit-parallel-original, 1024, 5000000, 0.688688
sse-bit-parallel-better, 1024, 5000000, 0.614821
sse-harley-seal, 1024, 5000000, 0.289630
sse-lookup, 1024, 5000000, 0.301643
sse-lookup-original, 1024, 5000000, 0.530048
avx2-lookup, 1024, 5000000, 0.169145
avx2-lookup-original, 1024, 5000000, 0.364177
avx2-harley-seal, 1024, 5000000, 0.153884
cpu, 1024, 5000000, 0.200611
sse-cpu, 1024, 5000000, 0.283590
avx2-cpu, 1024, 5000000, 0.335240
avx512-harley-seal, 1024, 5000000, 0.123274
avx512bw-shuf, 1024, 5000000, 0.390310
builtin-popcnt, 1024, 5000000, 0.440096
builtin-popcnt32, 1024, 5000000, 0.871265
builtin-popcnt-unrolled, 1024, 5000000, 0.307088
builtin-popcnt-unrolled32, 1024, 5000000, 0.485741
builtin-popcnt-unrolled-errata, 1024, 5000000, 0.202115
builtin-popcnt-unrolled-errata-manual, 1024, 5000000, 0.266324
builtin-popcnt-movdq, 1024, 5000000, 0.291471
builtin-popcnt-movdq-unrolled, 1024, 5000000, 0.237670
builtin-popcnt-movdq-unrolled_manual, 1024, 5000000, 0.269667
lookup-8, 2048, 2500000, 1.625505
lookup-64, 2048, 2500000, 1.632303
bit-parallel, 2048, 2500000, 1.655505
bit-parallel-optimized, 2048, 2500000, 1.082692
bit-parallel-mul, 2048, 2500000, 1.002700
bit-parallel32, 2048, 2500000, 2.732103
bit-parallel-optimized32, 2048, 2500000, 2.027537
harley-seal, 2048, 2500000, 0.468629
sse-bit-parallel, 2048, 2500000, 0.650167
sse-bit-parallel-original, 2048, 2500000, 0.676166
sse-bit-parallel-better, 2048, 2500000, 0.552559
sse-harley-seal, 2048, 2500000, 0.266218
sse-lookup, 2048, 2500000, 0.306261
sse-lookup-original, 2048, 2500000, 0.521983
avx2-lookup, 2048, 2500000, 0.159272
avx2-lookup-original, 2048, 2500000, 0.334983
avx2-harley-seal, 2048, 2500000, 0.130660
cpu, 2048, 2500000, 0.200576
sse-cpu, 2048, 2500000, 0.279698
avx2-cpu, 2048, 2500000, 0.325888
avx512-harley-seal, 2048, 2500000, 0.083484
avx512bw-shuf, 2048, 2500000, 0.229197
builtin-popcnt, 2048, 2500000, 0.420570
builtin-popcnt32, 2048, 2500000, 0.846989
builtin-popcnt-unrolled, 2048, 2500000, 0.303915
builtin-popcnt-unrolled32, 2048, 2500000, 0.504799
builtin-popcnt-unrolled-errata, 2048, 2500000, 0.201357
builtin-popcnt-unrolled-errata-manual, 2048, 2500000, 0.258517
builtin-popcnt-movdq, 2048, 2500000, 0.311277
builtin-popcnt-movdq-unrolled, 2048, 2500000, 0.232615
builtin-popcnt-movdq-unrolled_manual, 2048, 2500000, 0.264107
lookup-8, 4096, 1250000, 1.615425
lookup-64, 4096, 1250000, 1.621208
bit-parallel, 4096, 1250000, 1.665140
bit-parallel-optimized, 4096, 1250000, 1.090874
bit-parallel-mul, 4096, 1250000, 0.992687
bit-parallel32, 4096, 1250000, 2.719822
bit-parallel-optimized32, 4096, 1250000, 2.016755
harley-seal, 4096, 1250000, 0.465237
sse-bit-parallel, 4096, 1250000, 0.604942
sse-bit-parallel-original, 4096, 1250000, 0.672025
sse-bit-parallel-better, 4096, 1250000, 0.520842
sse-harley-seal, 4096, 1250000, 0.254535
sse-lookup, 4096, 1250000, 0.295042
sse-lookup-original, 4096, 1250000, 0.499028
avx2-lookup, 4096, 1250000, 0.154869
avx2-lookup-original, 4096, 1250000, 0.326445
avx2-harley-seal, 4096, 1250000, 0.118575
cpu, 4096, 1250000, 0.206442
sse-cpu, 4096, 1250000, 0.277719
avx2-cpu, 4096, 1250000, 0.322764
avx512-harley-seal, 4096, 1250000, 0.064970
avx512bw-shuf, 4096, 1250000, 0.188037
builtin-popcnt, 4096, 1250000, 0.411326
builtin-popcnt32, 4096, 1250000, 0.842310
builtin-popcnt-unrolled, 4096, 1250000, 0.310302
builtin-popcnt-unrolled32, 4096, 1250000, 0.494385
builtin-popcnt-unrolled-errata, 4096, 1250000, 0.208479
builtin-popcnt-unrolled-errata-manual, 4096, 1250000, 0.263784
builtin-popcnt-movdq, 4096, 1250000, 0.295131
builtin-popcnt-movdq-unrolled, 4096, 1250000, 0.237991
builtin-popcnt-movdq-unrolled_manual, 4096, 1250000, 0.288514
