lookup-8, 32, 100000000, 0.981084
lookup-64, 32, 100000000, 0.958011
bit-parallel, 32, 100000000, 1.065111
bit-parallel-optimized, 32, 100000000, 0.748929
bit-parallel-optimized2, 32, 100000000, 2.022402
bit-parallel-mul, 32, 100000000, 0.652109
bit-parallel32, 32, 100000000, 1.494870
bit-parallel-optimized32, 32, 100000000, 1.155713
harley-seal, 32, 100000000, 0.864965
sse-bit-parallel, 32, 100000000, 2.107053
sse-bit-parallel-original, 32, 100000000, 0.901324
sse-bit-parallel-better, 32, 100000000, 1.956099
sse-harley-seal, 32, 100000000, 0.884993
sse-lookup, 32, 100000000, 0.374916
sse-lookup-original, 32, 100000000, 1.239360
avx2-lookup, 32, 100000000, 0.399010
avx2-lookup-original, 32, 100000000, 2.049400
avx2-harley-seal, 32, 100000000, 0.861207
cpu, 32, 100000000, 0.309875
sse-cpu, 32, 100000000, 2.256158
avx2-cpu, 32, 100000000, 2.285862
avx512-harley-seal, 32, 100000000, 2.995784
avx512bw-shuf, 32, 100000000, 2.354826
builtin-popcnt, 32, 100000000, 0.180763
builtin-popcnt32, 32, 100000000, 0.379830
builtin-popcnt-unrolled, 32, 100000000, 0.257877
builtin-popcnt-unrolled32, 32, 100000000, 0.350290
builtin-popcnt-unrolled-errata, 32, 100000000, 0.231931
builtin-popcnt-unrolled-errata-manual, 32, 100000000, 0.334926
builtin-popcnt-movdq, 32, 100000000, 0.180250
builtin-popcnt-movdq-unrolled, 32, 100000000, 0.269557
builtin-popcnt-movdq-unrolled_manual, 32, 100000000, 0.362752
lookup-8, 64, 50000000, 0.904029
lookup-64, 64, 50000000, 0.897573
bit-parallel, 64, 50000000, 0.991211
bit-parallel-optimized, 64, 50000000, 0.660226
bit-parallel-optimized2, 64, 50000000, 0.559489
bit-parallel-mul, 64, 50000000, 0.570029
bit-parallel32, 64, 50000000, 1.445921
bit-parallel-optimized32, 64, 50000000, 1.097424
harley-seal, 64, 50000000, 0.738279
sse-bit-parallel, 64, 50000000, 1.685820
sse-bit-parallel-original, 64, 50000000, 0.569087
sse-bit-parallel-better, 64, 50000000, 1.546018
sse-harley-seal, 64, 50000000, 0.567339
sse-lookup, 64, 50000000, 0.257688
sse-lookup-original, 64, 50000000, 0.704342
avx2-lookup, 64, 50000000, 0.239798
avx2-lookup-original, 64, 50000000, 0.951802
avx2-harley-seal, 64, 50000000, 0.483345
cpu, 64, 50000000, 0.207258
sse-cpu, 64, 50000000, 0.222170
avx2-cpu, 64, 50000000, 1.726650
avx512-harley-seal, 64, 50000000, 0.623447
avx512bw-shuf, 64, 50000000, 1.812947
builtin-popcnt, 64, 50000000, 0.232524
builtin-popcnt32, 64, 50000000, 0.383855
builtin-popcnt-unrolled, 64, 50000000, 0.207387
builtin-popcnt-unrolled32, 64, 50000000, 0.291819
builtin-popcnt-unrolled-errata, 64, 50000000, 0.167965
builtin-popcnt-unrolled-errata-manual, 64, 50000000, 0.233608
builtin-popcnt-movdq, 64, 50000000, 0.155408
builtin-popcnt-movdq-unrolled, 64, 50000000, 0.193637
builtin-popcnt-movdq-unrolled_manual, 64, 50000000, 0.237923
lookup-8, 128, 25000000, 1.037902
lookup-64, 128, 25000000, 1.018675
bit-parallel, 128, 25000000, 0.916129
bit-parallel-optimized, 128, 25000000, 0.613949
bit-parallel-optimized2, 128, 25000000, 0.503039
bit-parallel-mul, 128, 25000000, 0.536068
bit-parallel32, 128, 25000000, 1.417377
bit-parallel-optimized32, 128, 25000000, 1.061852
harley-seal, 128, 25000000, 0.522314
sse-bit-parallel, 128, 25000000, 0.957398
sse-bit-parallel-original, 128, 25000000, 0.421009
sse-bit-parallel-better, 128, 25000000, 0.874458
sse-harley-seal, 128, 25000000, 0.409659
sse-lookup, 128, 25000000, 0.173938
sse-lookup-original, 128, 25000000, 0.432797
avx2-lookup, 128, 25000000, 0.170919
avx2-lookup-original, 128, 25000000, 0.598718
avx2-harley-seal, 128, 25000000, 0.321552
cpu, 128, 25000000, 0.142107
sse-cpu, 128, 25000000, 0.184030
avx2-cpu, 128, 25000000, 0.230324
avx512-harley-seal, 128, 25000000, 0.353974
avx512bw-shuf, 128, 25000000, 0.975277
builtin-popcnt, 128, 25000000, 0.219162
builtin-popcnt32, 128, 25000000, 0.602811
builtin-popcnt-unrolled, 128, 25000000, 0.182658
builtin-popcnt-unrolled32, 128, 25000000, 0.264071
builtin-popcnt-unrolled-errata, 128, 25000000, 0.128849
builtin-popcnt-unrolled-errata-manual, 128, 25000000, 0.180506
builtin-popcnt-movdq, 128, 25000000, 0.146472
builtin-popcnt-movdq-unrolled, 128, 25000000, 0.154583
builtin-popcnt-movdq-unrolled_manual, 128, 25000000, 0.193562
lookup-8, 256, 12500000, 0.932013
lookup-64, 256, 12500000, 0.923229
bit-parallel, 256, 12500000, 0.881700
bit-parallel-optimized, 256, 12500000, 0.585455
bit-parallel-optimized2, 256, 12500000, 0.560465
bit-parallel-mul, 256, 12500000, 0.625656
bit-parallel32, 256, 12500000, 1.404977
bit-parallel-optimized32, 256, 12500000, 1.048274
harley-seal, 256, 12500000, 0.347761
sse-bit-parallel, 256, 12500000, 0.591689
sse-bit-parallel-original, 256, 12500000, 0.358554
sse-bit-parallel-better, 256, 12500000, 0.548262
sse-harley-seal, 256, 12500000, 0.195156
sse-lookup, 256, 12500000, 0.147937
sse-lookup-original, 256, 12500000, 0.315706
avx2-lookup, 256, 12500000, 0.123914
avx2-lookup-original, 256, 12500000, 0.403587
avx2-harley-seal, 256, 12500000, 0.216542
cpu, 256, 12500000, 0.115126
sse-cpu, 256, 12500000, 0.163550
avx2-cpu, 256, 12500000, 0.196220
avx512-harley-seal, 256, 12500000, 0.224566
avx512bw-shuf, 256, 12500000, 0.527655
builtin-popcnt, 256, 12500000, 0.256343
builtin-popcnt32, 256, 12500000, 0.508522
builtin-popcnt-unrolled, 256, 12500000, 0.168535
builtin-popcnt-unrolled32, 256, 12500000, 0.256402
builtin-popcnt-unrolled-errata, 256, 12500000, 0.109502
builtin-popcnt-unrolled-errata-manual, 256, 12500000, 0.154530
builtin-popcnt-movdq, 256, 12500000, 0.147757
builtin-popcnt-movdq-unrolled, 256, 12500000, 0.136503
builtin-popcnt-movdq-unrolled_manual, 256, 12500000, 0.151500
lookup-8, 512, 10000000, 1.405747
lookup-64, 512, 10000000, 1.404152
bit-parallel, 512, 10000000, 1.384185
bit-parallel-optimized, 512, 10000000, 0.913569
bit-parallel-optimized2, 512, 10000000, 0.590868
bit-parallel-mul, 512, 10000000, 0.916030
bit-parallel32, 512, 10000000, 2.235251
bit-parallel-optimized32, 512, 10000000, 1.660387
harley-seal, 512, 10000000, 0.465531
sse-bit-parallel, 512, 10000000, 0.666601
sse-bit-parallel-original, 512, 10000000, 0.522985
sse-bit-parallel-better, 512, 10000000, 0.611184
sse-harley-seal, 512, 10000000, 0.242555
sse-lookup, 512, 10000000, 0.224178
sse-lookup-original, 512, 10000000, 0.424791
avx2-lookup, 512, 10000000, 0.171896
avx2-lookup-original, 512, 10000000, 0.361862
avx2-harley-seal, 512, 10000000, 0.167566
cpu, 512, 10000000, 0.168660
sse-cpu, 512, 10000000, 0.244571
avx2-cpu, 512, 10000000, 0.288545
avx512-harley-seal, 512, 10000000, 0.251682
avx512bw-shuf, 512, 10000000, 0.466888
builtin-popcnt, 512, 10000000, 0.321803
builtin-popcnt32, 512, 10000000, 0.756549
builtin-popcnt-unrolled, 512, 10000000, 0.257808
builtin-popcnt-unrolled32, 512, 10000000, 0.466190
builtin-popcnt-unrolled-errata, 512, 10000000, 0.167480
builtin-popcnt-unrolled-errata-manual, 512, 10000000, 0.226735
builtin-popcnt-movdq, 512, 10000000, 0.274981
builtin-popcnt-movdq-unrolled, 512, 10000000, 0.203742
builtin-popcnt-movdq-unrolled_manual, 512, 10000000, 0.233704
lookup-8, 1024, 5000000, 1.364465
lookup-64, 1024, 5000000, 1.362793
bit-parallel, 1024, 5000000, 1.370368
bit-parallel-optimized, 1024, 5000000, 0.902378
bit-parallel-optimized2, 1024, 5000000, 0.579064
bit-parallel-mul, 1024, 5000000, 0.872376
bit-parallel32, 1024, 5000000, 2.229688
bit-parallel-optimized32, 1024, 5000000, 1.654087
harley-seal, 1024, 5000000, 0.414792
sse-bit-parallel, 1024, 5000000, 0.562322
sse-bit-parallel-original, 1024, 5000000, 0.495344
sse-bit-parallel-better, 1024, 5000000, 0.495998
sse-harley-seal, 1024, 5000000, 0.209018
sse-lookup, 1024, 5000000, 0.217149
sse-lookup-original, 1024, 5000000, 0.384193
avx2-lookup, 1024, 5000000, 0.139547
avx2-lookup-original, 1024, 5000000, 0.303231
avx2-harley-seal, 1024, 5000000, 0.127494
cpu, 1024, 5000000, 0.202968
sse-cpu, 1024, 5000000, 0.236818
avx2-cpu, 1024, 5000000, 0.276080
avx512-harley-seal, 1024, 5000000, 0.093763
avx512bw-shuf, 1024, 5000000, 0.292448
builtin-popcnt, 1024, 5000000, 0.287782
builtin-popcnt32, 1024, 5000000, 0.728119
builtin-popcnt-unrolled, 1024, 5000000, 0.253693
builtin-popcnt-unrolled32, 1024, 5000000, 0.436919
builtin-popcnt-unrolled-errata, 1024, 5000000, 0.177641
builtin-popcnt-unrolled-errata-manual, 1024, 5000000, 0.216367
builtin-popcnt-movdq, 1024, 5000000, 0.255027
builtin-popcnt-movdq-unrolled, 1024, 5000000, 0.232450
builtin-popcnt-movdq-unrolled_manual, 1024, 5000000, 0.252808
lookup-8, 2048, 2500000, 1.341109
lookup-64, 2048, 2500000, 1.342683
bit-parallel, 2048, 2500000, 1.363151
bit-parallel-optimized, 2048, 2500000, 0.896960
bit-parallel-optimized2, 2048, 2500000, 0.572608
bit-parallel-mul, 2048, 2500000, 0.850659
bit-parallel32, 2048, 2500000, 2.248725
bit-parallel-optimized32, 2048, 2500000, 1.671238
harley-seal, 2048, 2500000, 0.390909
sse-bit-parallel, 2048, 2500000, 0.483678
sse-bit-parallel-original, 2048, 2500000, 0.536116
sse-bit-parallel-better, 2048, 2500000, 0.423651
sse-harley-seal, 2048, 2500000, 0.191637
sse-lookup, 2048, 2500000, 0.213697
sse-lookup-original, 2048, 2500000, 0.378552
avx2-lookup, 2048, 2500000, 0.130851
avx2-lookup-original, 2048, 2500000, 0.277004
avx2-harley-seal, 2048, 2500000, 0.107376
cpu, 2048, 2500000, 0.183218
sse-cpu, 2048, 2500000, 0.231337
avx2-cpu, 2048, 2500000, 0.268025
avx512-harley-seal, 2048, 2500000, 0.067606
avx512bw-shuf, 2048, 2500000, 0.177240
builtin-popcnt, 2048, 2500000, 0.263097
builtin-popcnt32, 2048, 2500000, 0.700931
builtin-popcnt-unrolled, 2048, 2500000, 0.250575
builtin-popcnt-unrolled32, 2048, 2500000, 0.415839
builtin-popcnt-unrolled-errata, 2048, 2500000, 0.170247
builtin-popcnt-unrolled-errata-manual, 2048, 2500000, 0.211155
builtin-popcnt-movdq, 2048, 2500000, 0.243494
builtin-popcnt-movdq-unrolled, 2048, 2500000, 0.208296
builtin-popcnt-movdq-unrolled_manual, 2048, 2500000, 0.230041
lookup-8, 4096, 1250000, 1.330407
lookup-64, 4096, 1250000, 1.333909
bit-parallel, 4096, 1250000, 1.368064
bit-parallel-optimized, 4096, 1250000, 0.896789
bit-parallel-optimized2, 4096, 1250000, 0.563287
bit-parallel-mul, 4096, 1250000, 0.838680
bit-parallel32, 4096, 1250000, 2.236485
bit-parallel-optimized32, 4096, 1250000, 1.660348
harley-seal, 4096, 1250000, 0.378238
sse-bit-parallel, 4096, 1250000, 0.442652
sse-bit-parallel-original, 4096, 1250000, 0.532068
sse-bit-parallel-better, 4096, 1250000, 0.387567
sse-harley-seal, 4096, 1250000, 0.183079
sse-lookup, 4096, 1250000, 0.212056
sse-lookup-original, 4096, 1250000, 0.358884
avx2-lookup, 4096, 1250000, 0.127187
avx2-lookup-original, 4096, 1250000, 0.272075
avx2-harley-seal, 4096, 1250000, 0.097505
cpu, 4096, 1250000, 0.173974
sse-cpu, 4096, 1250000, 0.229003
avx2-cpu, 4096, 1250000, 0.257836
avx512-harley-seal, 4096, 1250000, 0.048259
avx512bw-shuf, 4096, 1250000, 0.145061
builtin-popcnt, 4096, 1250000, 0.250456
builtin-popcnt32, 4096, 1250000, 0.698812
builtin-popcnt-unrolled, 4096, 1250000, 0.255459
builtin-popcnt-unrolled32, 4096, 1250000, 0.407947
builtin-popcnt-unrolled-errata, 4096, 1250000, 0.167637
builtin-popcnt-unrolled-errata-manual, 4096, 1250000, 0.215524
builtin-popcnt-movdq, 4096, 1250000, 0.237297
builtin-popcnt-movdq-unrolled, 4096, 1250000, 0.196938
builtin-popcnt-movdq-unrolled_manual, 4096, 1250000, 0.217162
lookup-8, 32, 100000000, 0.978812
lookup-64, 32, 100000000, 0.957832
bit-parallel, 32, 100000000, 1.066217
bit-parallel-optimized, 32, 100000000, 0.747351
bit-parallel-optimized2, 32, 100000000, 1.945117
bit-parallel-mul, 32, 100000000, 0.650335
bit-parallel32, 32, 100000000, 1.495149
bit-parallel-optimized32, 32, 100000000, 1.157257
harley-seal, 32, 100000000, 0.865799
sse-bit-parallel, 32, 100000000, 2.061752
sse-bit-parallel-original, 32, 100000000, 0.901326
sse-bit-parallel-better, 32, 100000000, 1.954008
sse-harley-seal, 32, 100000000, 0.884327
sse-lookup, 32, 100000000, 0.374543
sse-lookup-original, 32, 100000000, 1.232315
avx2-lookup, 32, 100000000, 0.397665
avx2-lookup-original, 32, 100000000, 2.043030
avx2-harley-seal, 32, 100000000, 0.859314
cpu, 32, 100000000, 0.309228
sse-cpu, 32, 100000000, 2.223677
avx2-cpu, 32, 100000000, 2.286616
avx512-harley-seal, 32, 100000000, 2.994299
avx512bw-shuf, 32, 100000000, 2.284438
builtin-popcnt, 32, 100000000, 0.180529
builtin-popcnt32, 32, 100000000, 0.379760
builtin-popcnt-unrolled, 32, 100000000, 0.257706
builtin-popcnt-unrolled32, 32, 100000000, 0.349289
builtin-popcnt-unrolled-errata, 32, 100000000, 0.231968
builtin-popcnt-unrolled-errata-manual, 32, 100000000, 0.334838
builtin-popcnt-movdq, 32, 100000000, 0.180489
builtin-popcnt-movdq-unrolled, 32, 100000000, 0.266394
builtin-popcnt-movdq-unrolled_manual, 32, 100000000, 0.362836
lookup-8, 64, 50000000, 0.903387
lookup-64, 64, 50000000, 0.897297
bit-parallel, 64, 50000000, 0.990976
bit-parallel-optimized, 64, 50000000, 0.659263
bit-parallel-optimized2, 64, 50000000, 0.558290
bit-parallel-mul, 64, 50000000, 0.567426
bit-parallel32, 64, 50000000, 1.444680
bit-parallel-optimized32, 64, 50000000, 1.095957
harley-seal, 64, 50000000, 0.699054
sse-bit-parallel, 64, 50000000, 1.635656
sse-bit-parallel-original, 64, 50000000, 0.568832
sse-bit-parallel-better, 64, 50000000, 1.541070
sse-harley-seal, 64, 50000000, 0.567096
sse-lookup, 64, 50000000, 0.257595
sse-lookup-original, 64, 50000000, 0.702206
avx2-lookup, 64, 50000000, 0.239029
avx2-lookup-original, 64, 50000000, 0.941781
avx2-harley-seal, 64, 50000000, 0.481729
cpu, 64, 50000000, 0.206014
sse-cpu, 64, 50000000, 0.221095
avx2-cpu, 64, 50000000, 1.719783
avx512-harley-seal, 64, 50000000, 0.619916
avx512bw-shuf, 64, 50000000, 1.806293
builtin-popcnt, 64, 50000000, 0.231902
builtin-popcnt32, 64, 50000000, 0.383007
builtin-popcnt-unrolled, 64, 50000000, 0.207396
builtin-popcnt-unrolled32, 64, 50000000, 0.290199
builtin-popcnt-unrolled-errata, 64, 50000000, 0.167703
builtin-popcnt-unrolled-errata-manual, 64, 50000000, 0.232730
builtin-popcnt-movdq, 64, 50000000, 0.154546
builtin-popcnt-movdq-unrolled, 64, 50000000, 0.193418
builtin-popcnt-movdq-unrolled_manual, 64, 50000000, 0.234930
lookup-8, 128, 25000000, 1.038544
lookup-64, 128, 25000000, 1.007894
bit-parallel, 128, 25000000, 0.916335
bit-parallel-optimized, 128, 25000000, 0.613233
bit-parallel-optimized2, 128, 25000000, 0.502616
bit-parallel-mul, 128, 25000000, 0.536308
bit-parallel32, 128, 25000000, 1.417639
bit-parallel-optimized32, 128, 25000000, 1.062179
harley-seal, 128, 25000000, 0.519763
sse-bit-parallel, 128, 25000000, 0.963237
sse-bit-parallel-original, 128, 25000000, 0.421537
sse-bit-parallel-better, 128, 25000000, 0.873097
sse-harley-seal, 128, 25000000, 0.409775
sse-lookup, 128, 25000000, 0.173850
sse-lookup-original, 128, 25000000, 0.432058
avx2-lookup, 128, 25000000, 0.170194
avx2-lookup-original, 128, 25000000, 0.571356
avx2-harley-seal, 128, 25000000, 0.306331
cpu, 128, 25000000, 0.142369
sse-cpu, 128, 25000000, 0.183825
avx2-cpu, 128, 25000000, 0.230154
avx512-harley-seal, 128, 25000000, 0.354004
avx512bw-shuf, 128, 25000000, 0.973993
builtin-popcnt, 128, 25000000, 0.219013
builtin-popcnt32, 128, 25000000, 0.607416
builtin-popcnt-unrolled, 128, 25000000, 0.184884
builtin-popcnt-unrolled32, 128, 25000000, 0.263936
builtin-popcnt-unrolled-errata, 128, 25000000, 0.129306
builtin-popcnt-unrolled-errata-manual, 128, 25000000, 0.180311
builtin-popcnt-movdq, 128, 25000000, 0.146419
builtin-popcnt-movdq-unrolled, 128, 25000000, 0.154672
builtin-popcnt-movdq-unrolled_manual, 128, 25000000, 0.192449
lookup-8, 256, 12500000, 0.932638
lookup-64, 256, 12500000, 0.923870
bit-parallel, 256, 12500000, 0.881628
bit-parallel-optimized, 256, 12500000, 0.585600
bit-parallel-optimized2, 256, 12500000, 0.559679
bit-parallel-mul, 256, 12500000, 0.625401
bit-parallel32, 256, 12500000, 1.403760
bit-parallel-optimized32, 256, 12500000, 1.045613
harley-seal, 256, 12500000, 0.346275
sse-bit-parallel, 256, 12500000, 0.588795
sse-bit-parallel-original, 256, 12500000, 0.356902
sse-bit-parallel-better, 256, 12500000, 0.547511
sse-harley-seal, 256, 12500000, 0.195069
sse-lookup, 256, 12500000, 0.147855
sse-lookup-original, 256, 12500000, 0.315786
avx2-lookup, 256, 12500000, 0.122972
avx2-lookup-original, 256, 12500000, 0.403987
avx2-harley-seal, 256, 12500000, 0.216394
cpu, 256, 12500000, 0.114238
sse-cpu, 256, 12500000, 0.163620
avx2-cpu, 256, 12500000, 0.196263
avx512-harley-seal, 256, 12500000, 0.224563
avx512bw-shuf, 256, 12500000, 0.518641
builtin-popcnt, 256, 12500000, 0.256592
builtin-popcnt32, 256, 12500000, 0.508519
builtin-popcnt-unrolled, 256, 12500000, 0.169095
builtin-popcnt-unrolled32, 256, 12500000, 0.256401
builtin-popcnt-unrolled-errata, 256, 12500000, 0.109498
builtin-popcnt-unrolled-errata-manual, 256, 12500000, 0.154533
builtin-popcnt-movdq, 256, 12500000, 0.147779
builtin-popcnt-movdq-unrolled, 256, 12500000, 0.136339
builtin-popcnt-movdq-unrolled_manual, 256, 12500000, 0.151620
lookup-8, 512, 10000000, 1.409238
lookup-64, 512, 10000000, 1.403000
bit-parallel, 512, 10000000, 1.385798
bit-parallel-optimized, 512, 10000000, 0.917875
bit-parallel-optimized2, 512, 10000000, 0.592104
bit-parallel-mul, 512, 10000000, 0.915556
bit-parallel32, 512, 10000000, 2.235496
bit-parallel-optimized32, 512, 10000000, 1.660843
harley-seal, 512, 10000000, 0.463999
sse-bit-parallel, 512, 10000000, 0.666503
sse-bit-parallel-original, 512, 10000000, 0.522931
sse-bit-parallel-better, 512, 10000000, 0.611328
sse-harley-seal, 512, 10000000, 0.242558
sse-lookup, 512, 10000000, 0.224176
sse-lookup-original, 512, 10000000, 0.424817
avx2-lookup, 512, 10000000, 0.169364
avx2-lookup-original, 512, 10000000, 0.362628
avx2-harley-seal, 512, 10000000, 0.167584
cpu, 512, 10000000, 0.168650
sse-cpu, 512, 10000000, 0.244639
avx2-cpu, 512, 10000000, 0.288595
avx512-harley-seal, 512, 10000000, 0.251215
avx512bw-shuf, 512, 10000000, 0.467829
builtin-popcnt, 512, 10000000, 0.322107
builtin-popcnt32, 512, 10000000, 0.756763
builtin-popcnt-unrolled, 512, 10000000, 0.260086
builtin-popcnt-unrolled32, 512, 10000000, 0.463922
builtin-popcnt-unrolled-errata, 512, 10000000, 0.167584
builtin-popcnt-unrolled-errata-manual, 512, 10000000, 0.226953
builtin-popcnt-movdq, 512, 10000000, 0.275723
builtin-popcnt-movdq-unrolled, 512, 10000000, 0.203995
builtin-popcnt-movdq-unrolled_manual, 512, 10000000, 0.232659
lookup-8, 1024, 5000000, 1.363298
lookup-64, 1024, 5000000, 1.362815
bit-parallel, 1024, 5000000, 1.372455
bit-parallel-optimized, 1024, 5000000, 0.902400
bit-parallel-optimized2, 1024, 5000000, 0.579208
bit-parallel-mul, 1024, 5000000, 0.872518
bit-parallel32, 1024, 5000000, 2.229883
bit-parallel-optimized32, 1024, 5000000, 1.686429
harley-seal, 1024, 5000000, 0.415828
sse-bit-parallel, 1024, 5000000, 0.564621
sse-bit-parallel-original, 1024, 5000000, 0.495381
sse-bit-parallel-better, 1024, 5000000, 0.495952
sse-harley-seal, 1024, 5000000, 0.208843
sse-lookup, 1024, 5000000, 0.217121
sse-lookup-original, 1024, 5000000, 0.383640
avx2-lookup, 1024, 5000000, 0.139307
avx2-lookup-original, 1024, 5000000, 0.301716
avx2-harley-seal, 1024, 5000000, 0.127359
cpu, 1024, 5000000, 0.201526
sse-cpu, 1024, 5000000, 0.235614
avx2-cpu, 1024, 5000000, 0.275672
avx512-harley-seal, 1024, 5000000, 0.093254
avx512bw-shuf, 1024, 5000000, 0.299192
builtin-popcnt, 1024, 5000000, 0.286688
builtin-popcnt32, 1024, 5000000, 0.726582
builtin-popcnt-unrolled, 1024, 5000000, 0.253431
builtin-popcnt-unrolled32, 1024, 5000000, 0.434990
builtin-popcnt-unrolled-errata, 1024, 5000000, 0.177638
builtin-popcnt-unrolled-errata-manual, 1024, 5000000, 0.216307
builtin-popcnt-movdq, 1024, 5000000, 0.254850
builtin-popcnt-movdq-unrolled, 1024, 5000000, 0.232066
builtin-popcnt-movdq-unrolled_manual, 1024, 5000000, 0.252360
lookup-8, 2048, 2500000, 1.341355
lookup-64, 2048, 2500000, 1.342856
bit-parallel, 2048, 2500000, 1.363106
bit-parallel-optimized, 2048, 2500000, 0.897832
bit-parallel-optimized2, 2048, 2500000, 0.572400
bit-parallel-mul, 2048, 2500000, 0.850732
bit-parallel32, 2048, 2500000, 2.248925
bit-parallel-optimized32, 2048, 2500000, 1.671269
harley-seal, 2048, 2500000, 0.391142
sse-bit-parallel, 2048, 2500000, 0.484703
sse-bit-parallel-original, 2048, 2500000, 0.535920
sse-bit-parallel-better, 2048, 2500000, 0.421524
sse-harley-seal, 2048, 2500000, 0.191699
sse-lookup, 2048, 2500000, 0.213620
sse-lookup-original, 2048, 2500000, 0.378280
avx2-lookup, 2048, 2500000, 0.141916
avx2-lookup-original, 2048, 2500000, 0.276994
avx2-harley-seal, 2048, 2500000, 0.107377
cpu, 2048, 2500000, 0.183474
sse-cpu, 2048, 2500000, 0.231160
avx2-cpu, 2048, 2500000, 0.271570
avx512-harley-seal, 2048, 2500000, 0.067387
avx512bw-shuf, 2048, 2500000, 0.177045
builtin-popcnt, 2048, 2500000, 0.262220
builtin-popcnt32, 2048, 2500000, 0.701168
builtin-popcnt-unrolled, 2048, 2500000, 0.250319
builtin-popcnt-unrolled32, 2048, 2500000, 0.415895
builtin-popcnt-unrolled-errata, 2048, 2500000, 0.170389
builtin-popcnt-unrolled-errata-manual, 2048, 2500000, 0.211218
builtin-popcnt-movdq, 2048, 2500000, 0.243643
builtin-popcnt-movdq-unrolled, 2048, 2500000, 0.209962
builtin-popcnt-movdq-unrolled_manual, 2048, 2500000, 0.230447
lookup-8, 4096, 1250000, 1.330488
lookup-64, 4096, 1250000, 1.333764
bit-parallel, 4096, 1250000, 1.368553
bit-parallel-optimized, 4096, 1250000, 0.897591
bit-parallel-optimized2, 4096, 1250000, 0.563247
bit-parallel-mul, 4096, 1250000, 0.838904
bit-parallel32, 4096, 1250000, 2.237373
bit-parallel-optimized32, 4096, 1250000, 1.659256
harley-seal, 4096, 1250000, 0.378520
sse-bit-parallel, 4096, 1250000, 0.436989
sse-bit-parallel-original, 4096, 1250000, 0.532626
sse-bit-parallel-better, 4096, 1250000, 0.383655
sse-harley-seal, 4096, 1250000, 0.183077
sse-lookup, 4096, 1250000, 0.212310
sse-lookup-original, 4096, 1250000, 0.358925
avx2-lookup, 4096, 1250000, 0.127278
avx2-lookup-original, 4096, 1250000, 0.275636
avx2-harley-seal, 4096, 1250000, 0.097519
cpu, 4096, 1250000, 0.173915
sse-cpu, 4096, 1250000, 0.229163
avx2-cpu, 4096, 1250000, 0.258513
avx512-harley-seal, 4096, 1250000, 0.048269
avx512bw-shuf, 4096, 1250000, 0.144613
builtin-popcnt, 4096, 1250000, 0.250374
builtin-popcnt32, 4096, 1250000, 0.699072
builtin-popcnt-unrolled, 4096, 1250000, 0.255818
builtin-popcnt-unrolled32, 4096, 1250000, 0.407660
builtin-popcnt-unrolled-errata, 4096, 1250000, 0.167516
builtin-popcnt-unrolled-errata-manual, 4096, 1250000, 0.215523
builtin-popcnt-movdq, 4096, 1250000, 0.237372
builtin-popcnt-movdq-unrolled, 4096, 1250000, 0.196810
builtin-popcnt-movdq-unrolled_manual, 4096, 1250000, 0.217372
lookup-8, 32, 100000000, 0.979995
lookup-64, 32, 100000000, 0.957851
bit-parallel, 32, 100000000, 1.067148
bit-parallel-optimized, 32, 100000000, 0.748049
bit-parallel-optimized2, 32, 100000000, 1.833105
bit-parallel-mul, 32, 100000000, 0.652198
bit-parallel32, 32, 100000000, 1.495643
bit-parallel-optimized32, 32, 100000000, 1.156578
harley-seal, 32, 100000000, 0.865794
sse-bit-parallel, 32, 100000000, 2.103597
sse-bit-parallel-original, 32, 100000000, 0.901215
sse-bit-parallel-better, 32, 100000000, 1.952857
sse-harley-seal, 32, 100000000, 0.884467
sse-lookup, 32, 100000000, 0.375581
sse-lookup-original, 32, 100000000, 1.234634
avx2-lookup, 32, 100000000, 0.398609
avx2-lookup-original, 32, 100000000, 2.045483
avx2-harley-seal, 32, 100000000, 0.861101
cpu, 32, 100000000, 0.309376
sse-cpu, 32, 100000000, 2.212196
avx2-cpu, 32, 100000000, 2.284770
avx512-harley-seal, 32, 100000000, 2.994557
avx512bw-shuf, 32, 100000000, 2.405715
builtin-popcnt, 32, 100000000, 0.181043
builtin-popcnt32, 32, 100000000, 0.379645
builtin-popcnt-unrolled, 32, 100000000, 0.258131
builtin-popcnt-unrolled32, 32, 100000000, 0.349626
builtin-popcnt-unrolled-errata, 32, 100000000, 0.231865
builtin-popcnt-unrolled-errata-manual, 32, 100000000, 0.334712
builtin-popcnt-movdq, 32, 100000000, 0.180253
builtin-popcnt-movdq-unrolled, 32, 100000000, 0.267608
builtin-popcnt-movdq-unrolled_manual, 32, 100000000, 0.362804
lookup-8, 64, 50000000, 0.902455
lookup-64, 64, 50000000, 0.897283
bit-parallel, 64, 50000000, 0.990344
bit-parallel-optimized, 64, 50000000, 0.659860
bit-parallel-optimized2, 64, 50000000, 0.555554
bit-parallel-mul, 64, 50000000, 0.572418
bit-parallel32, 64, 50000000, 1.444862
bit-parallel-optimized32, 64, 50000000, 1.096206
harley-seal, 64, 50000000, 0.699515
sse-bit-parallel, 64, 50000000, 1.646462
sse-bit-parallel-original, 64, 50000000, 0.568309
sse-bit-parallel-better, 64, 50000000, 1.541246
sse-harley-seal, 64, 50000000, 0.567293
sse-lookup, 64, 50000000, 0.257595
sse-lookup-original, 64, 50000000, 0.701835
avx2-lookup, 64, 50000000, 0.239857
avx2-lookup-original, 64, 50000000, 0.942077
avx2-harley-seal, 64, 50000000, 0.481804
cpu, 64, 50000000, 0.206915
sse-cpu, 64, 50000000, 0.225628
avx2-cpu, 64, 50000000, 1.721944
avx512-harley-seal, 64, 50000000, 0.619993
avx512bw-shuf, 64, 50000000, 1.808905
builtin-popcnt, 64, 50000000, 0.231951
builtin-popcnt32, 64, 50000000, 0.382794
builtin-popcnt-unrolled, 64, 50000000, 0.206559
builtin-popcnt-unrolled32, 64, 50000000, 0.290177
builtin-popcnt-unrolled-errata, 64, 50000000, 0.168199
builtin-popcnt-unrolled-errata-manual, 64, 50000000, 0.231759
builtin-popcnt-movdq, 64, 50000000, 0.154536
builtin-popcnt-movdq-unrolled, 64, 50000000, 0.193223
builtin-popcnt-movdq-unrolled_manual, 64, 50000000, 0.235748
lookup-8, 128, 25000000, 1.038276
lookup-64, 128, 25000000, 0.987907
bit-parallel, 128, 25000000, 0.916479
bit-parallel-optimized, 128, 25000000, 0.613332
bit-parallel-optimized2, 128, 25000000, 0.502968
bit-parallel-mul, 128, 25000000, 0.536074
bit-parallel32, 128, 25000000, 1.417393
bit-parallel-optimized32, 128, 25000000, 1.061899
harley-seal, 128, 25000000, 0.519988
sse-bit-parallel, 128, 25000000, 0.966731
sse-bit-parallel-original, 128, 25000000, 0.421328
sse-bit-parallel-better, 128, 25000000, 0.872770
sse-harley-seal, 128, 25000000, 0.413743
sse-lookup, 128, 25000000, 0.174246
sse-lookup-original, 128, 25000000, 0.433976
avx2-lookup, 128, 25000000, 0.171449
avx2-lookup-original, 128, 25000000, 0.569633
avx2-harley-seal, 128, 25000000, 0.306379
cpu, 128, 25000000, 0.141933
sse-cpu, 128, 25000000, 0.184666
avx2-cpu, 128, 25000000, 0.230293
avx512-harley-seal, 128, 25000000, 0.354160
avx512bw-shuf, 128, 25000000, 0.987651
builtin-popcnt, 128, 25000000, 0.219015
builtin-popcnt32, 128, 25000000, 0.607385
builtin-popcnt-unrolled, 128, 25000000, 0.185580
builtin-popcnt-unrolled32, 128, 25000000, 0.264351
builtin-popcnt-unrolled-errata, 128, 25000000, 0.128895
builtin-popcnt-unrolled-errata-manual, 128, 25000000, 0.180272
builtin-popcnt-movdq, 128, 25000000, 0.146427
builtin-popcnt-movdq-unrolled, 128, 25000000, 0.154661
builtin-popcnt-movdq-unrolled_manual, 128, 25000000, 0.192607
lookup-8, 256, 12500000, 0.933047
lookup-64, 256, 12500000, 0.920933
bit-parallel, 256, 12500000, 0.881744
bit-parallel-optimized, 256, 12500000, 0.585740
bit-parallel-optimized2, 256, 12500000, 0.560448
bit-parallel-mul, 256, 12500000, 0.625433
bit-parallel32, 256, 12500000, 1.404212
bit-parallel-optimized32, 256, 12500000, 1.045875
harley-seal, 256, 12500000, 0.348313
sse-bit-parallel, 256, 12500000, 0.590961
sse-bit-parallel-original, 256, 12500000, 0.357238
sse-bit-parallel-better, 256, 12500000, 0.547673
sse-harley-seal, 256, 12500000, 0.195073
sse-lookup, 256, 12500000, 0.148078
sse-lookup-original, 256, 12500000, 0.316270
avx2-lookup, 256, 12500000, 0.123004
avx2-lookup-original, 256, 12500000, 0.404149
avx2-harley-seal, 256, 12500000, 0.216614
cpu, 256, 12500000, 0.114410
sse-cpu, 256, 12500000, 0.163707
avx2-cpu, 256, 12500000, 0.196236
avx512-harley-seal, 256, 12500000, 0.224550
avx512bw-shuf, 256, 12500000, 0.540225
builtin-popcnt, 256, 12500000, 0.255659
builtin-popcnt32, 256, 12500000, 0.508313
builtin-popcnt-unrolled, 256, 12500000, 0.168370
builtin-popcnt-unrolled32, 256, 12500000, 0.253283
builtin-popcnt-unrolled-errata, 256, 12500000, 0.110204
builtin-popcnt-unrolled-errata-manual, 256, 12500000, 0.154850
builtin-popcnt-movdq, 256, 12500000, 0.148199
builtin-popcnt-movdq-unrolled, 256, 12500000, 0.137119
builtin-popcnt-movdq-unrolled_manual, 256, 12500000, 0.151854
lookup-8, 512, 10000000, 1.405656
lookup-64, 512, 10000000, 1.403430
bit-parallel, 512, 10000000, 1.383754
bit-parallel-optimized, 512, 10000000, 0.913729
bit-parallel-optimized2, 512, 10000000, 0.590949
bit-parallel-mul, 512, 10000000, 0.915880
bit-parallel32, 512, 10000000, 2.236602
bit-parallel-optimized32, 512, 10000000, 1.661412
harley-seal, 512, 10000000, 0.465590
sse-bit-parallel, 512, 10000000, 0.666445
sse-bit-parallel-original, 512, 10000000, 0.523154
sse-bit-parallel-better, 512, 10000000, 0.611506
sse-harley-seal, 512, 10000000, 0.242724
sse-lookup, 512, 10000000, 0.224540
sse-lookup-original, 512, 10000000, 0.424881
avx2-lookup, 512, 10000000, 0.171584
avx2-lookup-original, 512, 10000000, 0.360585
avx2-harley-seal, 512, 10000000, 0.167710
cpu, 512, 10000000, 0.168715
sse-cpu, 512, 10000000, 0.244771
avx2-cpu, 512, 10000000, 0.288517
avx512-harley-seal, 512, 10000000, 0.251218
avx512bw-shuf, 512, 10000000, 0.468307
builtin-popcnt, 512, 10000000, 0.321595
builtin-popcnt32, 512, 10000000, 0.756784
builtin-popcnt-unrolled, 512, 10000000, 0.259661
builtin-popcnt-unrolled32, 512, 10000000, 0.463999
builtin-popcnt-unrolled-errata, 512, 10000000, 0.167760
builtin-popcnt-unrolled-errata-manual, 512, 10000000, 0.227067
builtin-popcnt-movdq, 512, 10000000, 0.275221
builtin-popcnt-movdq-unrolled, 512, 10000000, 0.203908
builtin-popcnt-movdq-unrolled_manual, 512, 10000000, 0.236029
lookup-8, 1024, 5000000, 1.363582
lookup-64, 1024, 5000000, 1.362520
bit-parallel, 1024, 5000000, 1.370385
bit-parallel-optimized, 1024, 5000000, 0.902712
bit-parallel-optimized2, 1024, 5000000, 0.581087
bit-parallel-mul, 1024, 5000000, 0.919520
bit-parallel32, 1024, 5000000, 2.265072
bit-parallel-optimized32, 1024, 5000000, 1.654237
harley-seal, 1024, 5000000, 0.414418
sse-bit-parallel, 1024, 5000000, 0.563032
sse-bit-parallel-original, 1024, 5000000, 0.495081
sse-bit-parallel-better, 1024, 5000000, 0.496007
sse-harley-seal, 1024, 5000000, 0.208867
sse-lookup, 1024, 5000000, 0.217112
sse-lookup-original, 1024, 5000000, 0.384172
avx2-lookup, 1024, 5000000, 0.139392
avx2-lookup-original, 1024, 5000000, 0.301834
avx2-harley-seal, 1024, 5000000, 0.127375
cpu, 1024, 5000000, 0.201125
sse-cpu, 1024, 5000000, 0.235861
avx2-cpu, 1024, 5000000, 0.275545
avx512-harley-seal, 1024, 5000000, 0.093617
avx512bw-shuf, 1024, 5000000, 0.299717
builtin-popcnt, 1024, 5000000, 0.287678
builtin-popcnt32, 1024, 5000000, 0.726641
builtin-popcnt-unrolled, 1024, 5000000, 0.253823
builtin-popcnt-unrolled32, 1024, 5000000, 0.435422
builtin-popcnt-unrolled-errata, 1024, 5000000, 0.177745
builtin-popcnt-unrolled-errata-manual, 1024, 5000000, 0.216301
builtin-popcnt-movdq, 1024, 5000000, 0.255073
builtin-popcnt-movdq-unrolled, 1024, 5000000, 0.232385
builtin-popcnt-movdq-unrolled_manual, 1024, 5000000, 0.250557
lookup-8, 2048, 2500000, 1.341408
lookup-64, 2048, 2500000, 1.342638
bit-parallel, 2048, 2500000, 1.363148
bit-parallel-optimized, 2048, 2500000, 0.896721
bit-parallel-optimized2, 2048, 2500000, 0.572719
bit-parallel-mul, 2048, 2500000, 0.850602
bit-parallel32, 2048, 2500000, 2.249024
bit-parallel-optimized32, 2048, 2500000, 1.671495
harley-seal, 2048, 2500000, 0.390782
sse-bit-parallel, 2048, 2500000, 0.484787
sse-bit-parallel-original, 2048, 2500000, 0.536222
sse-bit-parallel-better, 2048, 2500000, 0.423411
sse-harley-seal, 2048, 2500000, 0.191633
sse-lookup, 2048, 2500000, 0.213710
sse-lookup-original, 2048, 2500000, 0.378498
avx2-lookup, 2048, 2500000, 0.131145
avx2-lookup-original, 2048, 2500000, 0.277364
avx2-harley-seal, 2048, 2500000, 0.107897
cpu, 2048, 2500000, 0.184035
sse-cpu, 2048, 2500000, 0.232227
avx2-cpu, 2048, 2500000, 0.270356
avx512-harley-seal, 2048, 2500000, 0.067817
avx512bw-shuf, 2048, 2500000, 0.176024
builtin-popcnt, 2048, 2500000, 0.262344
builtin-popcnt32, 2048, 2500000, 0.701285
builtin-popcnt-unrolled, 2048, 2500000, 0.250813
builtin-popcnt-unrolled32, 2048, 2500000, 0.415218
builtin-popcnt-unrolled-errata, 2048, 2500000, 0.170189
builtin-popcnt-unrolled-errata-manual, 2048, 2500000, 0.211155
builtin-popcnt-movdq, 2048, 2500000, 0.243386
builtin-popcnt-movdq-unrolled, 2048, 2500000, 0.208508
builtin-popcnt-movdq-unrolled_manual, 2048, 2500000, 0.230016
lookup-8, 4096, 1250000, 1.330985
lookup-64, 4096, 1250000, 1.334394
bit-parallel, 4096, 1250000, 1.368218
bit-parallel-optimized, 4096, 1250000, 0.897157
bit-parallel-optimized2, 4096, 1250000, 0.563379
bit-parallel-mul, 4096, 1250000, 0.838919
bit-parallel32, 4096, 1250000, 2.236133
bit-parallel-optimized32, 4096, 1250000, 1.659587
harley-seal, 4096, 1250000, 0.378867
sse-bit-parallel, 4096, 1250000, 0.442039
sse-bit-parallel-original, 4096, 1250000, 0.532371
sse-bit-parallel-better, 4096, 1250000, 0.383385
sse-harley-seal, 4096, 1250000, 0.183170
sse-lookup, 4096, 1250000, 0.212499
sse-lookup-original, 4096, 1250000, 0.358525
avx2-lookup, 4096, 1250000, 0.127662
avx2-lookup-original, 4096, 1250000, 0.272618
avx2-harley-seal, 4096, 1250000, 0.097575
cpu, 4096, 1250000, 0.174063
sse-cpu, 4096, 1250000, 0.228910
avx2-cpu, 4096, 1250000, 0.256200
avx512-harley-seal, 4096, 1250000, 0.048257
avx512bw-shuf, 4096, 1250000, 0.144299
builtin-popcnt, 4096, 1250000, 0.251932
builtin-popcnt32, 4096, 1250000, 0.698735
builtin-popcnt-unrolled, 4096, 1250000, 0.255318
builtin-popcnt-unrolled32, 4096, 1250000, 0.407973
builtin-popcnt-unrolled-errata, 4096, 1250000, 0.167545
builtin-popcnt-unrolled-errata-manual, 4096, 1250000, 0.215520
builtin-popcnt-movdq, 4096, 1250000, 0.237620
builtin-popcnt-movdq-unrolled, 4096, 1250000, 0.196955
builtin-popcnt-movdq-unrolled_manual, 4096, 1250000, 0.217035
lookup-8, 32, 100000000, 0.979256
lookup-64, 32, 100000000, 0.957954
bit-parallel, 32, 100000000, 1.066461
bit-parallel-optimized, 32, 100000000, 0.748966
bit-parallel-optimized2, 32, 100000000, 2.009597
bit-parallel-mul, 32, 100000000, 0.650057
bit-parallel32, 32, 100000000, 1.495207
bit-parallel-optimized32, 32, 100000000, 1.155053
harley-seal, 32, 100000000, 0.868311
sse-bit-parallel, 32, 100000000, 2.079607
sse-bit-parallel-original, 32, 100000000, 0.900510
sse-bit-parallel-better, 32, 100000000, 1.961109
sse-harley-seal, 32, 100000000, 0.885450
sse-lookup, 32, 100000000, 0.374071
sse-lookup-original, 32, 100000000, 1.235652
avx2-lookup, 32, 100000000, 0.398336
avx2-lookup-original, 32, 100000000, 2.043120
avx2-harley-seal, 32, 100000000, 0.857506
cpu, 32, 100000000, 0.309125
sse-cpu, 32, 100000000, 2.147098
avx2-cpu, 32, 100000000, 2.287247
avx512-harley-seal, 32, 100000000, 2.994068
avx512bw-shuf, 32, 100000000, 2.344756
builtin-popcnt, 32, 100000000, 0.180449
builtin-popcnt32, 32, 100000000, 0.379831
builtin-popcnt-unrolled, 32, 100000000, 0.258651
builtin-popcnt-unrolled32, 32, 100000000, 0.351229
builtin-popcnt-unrolled-errata, 32, 100000000, 0.233384
builtin-popcnt-unrolled-errata-manual, 32, 100000000, 0.335556
builtin-popcnt-movdq, 32, 100000000, 0.181072
builtin-popcnt-movdq-unrolled, 32, 100000000, 0.272605
builtin-popcnt-movdq-unrolled_manual, 32, 100000000, 0.362481
lookup-8, 64, 50000000, 0.902905
lookup-64, 64, 50000000, 0.897160
bit-parallel, 64, 50000000, 0.989367
bit-parallel-optimized, 64, 50000000, 0.658406
bit-parallel-optimized2, 64, 50000000, 0.558339
bit-parallel-mul, 64, 50000000, 0.572930
bit-parallel32, 64, 50000000, 1.444816
bit-parallel-optimized32, 64, 50000000, 1.096227
harley-seal, 64, 50000000, 0.698929
sse-bit-parallel, 64, 50000000, 1.631539
sse-bit-parallel-original, 64, 50000000, 0.566880
sse-bit-parallel-better, 64, 50000000, 1.541219
sse-harley-seal, 64, 50000000, 0.566757
sse-lookup, 64, 50000000, 0.258688
sse-lookup-original, 64, 50000000, 0.701853
avx2-lookup, 64, 50000000, 0.239756
avx2-lookup-original, 64, 50000000, 0.923969
avx2-harley-seal, 64, 50000000, 0.481465
cpu, 64, 50000000, 0.206041
sse-cpu, 64, 50000000, 0.224736
avx2-cpu, 64, 50000000, 1.722478
avx512-harley-seal, 64, 50000000, 0.619860
avx512bw-shuf, 64, 50000000, 1.811872
builtin-popcnt, 64, 50000000, 0.231964
builtin-popcnt32, 64, 50000000, 0.382911
builtin-popcnt-unrolled, 64, 50000000, 0.208592
builtin-popcnt-unrolled32, 64, 50000000, 0.290538
builtin-popcnt-unrolled-errata, 64, 50000000, 0.167547
builtin-popcnt-unrolled-errata-manual, 64, 50000000, 0.231870
builtin-popcnt-movdq, 64, 50000000, 0.154537
builtin-popcnt-movdq-unrolled, 64, 50000000, 0.193442
builtin-popcnt-movdq-unrolled_manual, 64, 50000000, 0.233915
lookup-8, 128, 25000000, 1.039153
lookup-64, 128, 25000000, 1.004459
bit-parallel, 128, 25000000, 0.916442
bit-parallel-optimized, 128, 25000000, 0.612622
bit-parallel-optimized2, 128, 25000000, 0.502839
bit-parallel-mul, 128, 25000000, 0.535942
bit-parallel32, 128, 25000000, 1.417386
bit-parallel-optimized32, 128, 25000000, 1.061939
harley-seal, 128, 25000000, 0.522547
sse-bit-parallel, 128, 25000000, 0.965796
sse-bit-parallel-original, 128, 25000000, 0.421730
sse-bit-parallel-better, 128, 25000000, 0.873640
sse-harley-seal, 128, 25000000, 0.409291
sse-lookup, 128, 25000000, 0.173864
sse-lookup-original, 128, 25000000, 0.432527
avx2-lookup, 128, 25000000, 0.170660
avx2-lookup-original, 128, 25000000, 0.562791
avx2-harley-seal, 128, 25000000, 0.306557
cpu, 128, 25000000, 0.142476
sse-cpu, 128, 25000000, 0.183745
avx2-cpu, 128, 25000000, 0.230147
avx512-harley-seal, 128, 25000000, 0.354270
avx512bw-shuf, 128, 25000000, 0.971018
builtin-popcnt, 128, 25000000, 0.219065
builtin-popcnt32, 128, 25000000, 0.399172
builtin-popcnt-unrolled, 128, 25000000, 0.180514
builtin-popcnt-unrolled32, 128, 25000000, 0.264230
builtin-popcnt-unrolled-errata, 128, 25000000, 0.128989
builtin-popcnt-unrolled-errata-manual, 128, 25000000, 0.180275
builtin-popcnt-movdq, 128, 25000000, 0.146424
builtin-popcnt-movdq-unrolled, 128, 25000000, 0.154600
builtin-popcnt-movdq-unrolled_manual, 128, 25000000, 0.187318
lookup-8, 256, 12500000, 0.931983
lookup-64, 256, 12500000, 0.918270
bit-parallel, 256, 12500000, 0.881863
bit-parallel-optimized, 256, 12500000, 0.585678
bit-parallel-optimized2, 256, 12500000, 0.561089
bit-parallel-mul, 256, 12500000, 0.625256
bit-parallel32, 256, 12500000, 1.404476
bit-parallel-optimized32, 256, 12500000, 1.045605
harley-seal, 256, 12500000, 0.347778
sse-bit-parallel, 256, 12500000, 0.589558
sse-bit-parallel-original, 256, 12500000, 0.357192
sse-bit-parallel-better, 256, 12500000, 0.548147
sse-harley-seal, 256, 12500000, 0.195072
sse-lookup, 256, 12500000, 0.148356
sse-lookup-original, 256, 12500000, 0.315948
avx2-lookup, 256, 12500000, 0.122469
avx2-lookup-original, 256, 12500000, 0.405965
avx2-harley-seal, 256, 12500000, 0.216393
cpu, 256, 12500000, 0.114458
sse-cpu, 256, 12500000, 0.162318
avx2-cpu, 256, 12500000, 0.196248
avx512-harley-seal, 256, 12500000, 0.230941
avx512bw-shuf, 256, 12500000, 0.528326
builtin-popcnt, 256, 12500000, 0.255998
builtin-popcnt32, 256, 12500000, 0.508614
builtin-popcnt-unrolled, 256, 12500000, 0.168743
builtin-popcnt-unrolled32, 256, 12500000, 0.257236
builtin-popcnt-unrolled-errata, 256, 12500000, 0.109598
builtin-popcnt-unrolled-errata-manual, 256, 12500000, 0.154594
builtin-popcnt-movdq, 256, 12500000, 0.147753
builtin-popcnt-movdq-unrolled, 256, 12500000, 0.136556
builtin-popcnt-movdq-unrolled_manual, 256, 12500000, 0.151626
lookup-8, 512, 10000000, 1.406010
lookup-64, 512, 10000000, 1.403008
bit-parallel, 512, 10000000, 1.383778
bit-parallel-optimized, 512, 10000000, 0.913719
bit-parallel-optimized2, 512, 10000000, 0.591288
bit-parallel-mul, 512, 10000000, 0.915568
bit-parallel32, 512, 10000000, 2.235242
bit-parallel-optimized32, 512, 10000000, 1.660790
harley-seal, 512, 10000000, 0.465498
sse-bit-parallel, 512, 10000000, 0.666160
sse-bit-parallel-original, 512, 10000000, 0.522853
sse-bit-parallel-better, 512, 10000000, 0.611345
sse-harley-seal, 512, 10000000, 0.242560
sse-lookup, 512, 10000000, 0.224174
sse-lookup-original, 512, 10000000, 0.424829
avx2-lookup, 512, 10000000, 0.172358
avx2-lookup-original, 512, 10000000, 0.362473
avx2-harley-seal, 512, 10000000, 0.167554
cpu, 512, 10000000, 0.168657
sse-cpu, 512, 10000000, 0.244367
avx2-cpu, 512, 10000000, 0.288667
avx512-harley-seal, 512, 10000000, 0.251233
avx512bw-shuf, 512, 10000000, 0.466883
builtin-popcnt, 512, 10000000, 0.321429
builtin-popcnt32, 512, 10000000, 0.756736
builtin-popcnt-unrolled, 512, 10000000, 0.260000
builtin-popcnt-unrolled32, 512, 10000000, 0.463982
builtin-popcnt-unrolled-errata, 512, 10000000, 0.167423
builtin-popcnt-unrolled-errata-manual, 512, 10000000, 0.227322
builtin-popcnt-movdq, 512, 10000000, 0.273954
builtin-popcnt-movdq-unrolled, 512, 10000000, 0.204948
builtin-popcnt-movdq-unrolled_manual, 512, 10000000, 0.235828
lookup-8, 1024, 5000000, 1.364313
lookup-64, 1024, 5000000, 1.399807
bit-parallel, 1024, 5000000, 1.388965
bit-parallel-optimized, 1024, 5000000, 0.902526
bit-parallel-optimized2, 1024, 5000000, 0.579000
bit-parallel-mul, 1024, 5000000, 0.872504
bit-parallel32, 1024, 5000000, 2.229693
bit-parallel-optimized32, 1024, 5000000, 1.654333
harley-seal, 1024, 5000000, 0.415048
sse-bit-parallel, 1024, 5000000, 0.562918
sse-bit-parallel-original, 1024, 5000000, 0.495071
sse-bit-parallel-better, 1024, 5000000, 0.495988
sse-harley-seal, 1024, 5000000, 0.208812
sse-lookup, 1024, 5000000, 0.217100
sse-lookup-original, 1024, 5000000, 0.383831
avx2-lookup, 1024, 5000000, 0.139083
avx2-lookup-original, 1024, 5000000, 0.301989
avx2-harley-seal, 1024, 5000000, 0.127426
cpu, 1024, 5000000, 0.200426
sse-cpu, 1024, 5000000, 0.235630
avx2-cpu, 1024, 5000000, 0.275441
avx512-harley-seal, 1024, 5000000, 0.094278
avx512bw-shuf, 1024, 5000000, 0.299719
builtin-popcnt, 1024, 5000000, 0.287877
builtin-popcnt32, 1024, 5000000, 0.726860
builtin-popcnt-unrolled, 1024, 5000000, 0.253399
builtin-popcnt-unrolled32, 1024, 5000000, 0.436772
builtin-popcnt-unrolled-errata, 1024, 5000000, 0.177358
builtin-popcnt-unrolled-errata-manual, 1024, 5000000, 0.216286
builtin-popcnt-movdq, 1024, 5000000, 0.254743
builtin-popcnt-movdq-unrolled, 1024, 5000000, 0.232373
builtin-popcnt-movdq-unrolled_manual, 1024, 5000000, 0.252704
lookup-8, 2048, 2500000, 1.346807
lookup-64, 2048, 2500000, 1.348174
bit-parallel, 2048, 2500000, 1.364661
bit-parallel-optimized, 2048, 2500000, 0.896909
bit-parallel-optimized2, 2048, 2500000, 0.572562
bit-parallel-mul, 2048, 2500000, 0.850399
bit-parallel32, 2048, 2500000, 2.249204
bit-parallel-optimized32, 2048, 2500000, 1.671699
harley-seal, 2048, 2500000, 0.391073
sse-bit-parallel, 2048, 2500000, 0.484300
sse-bit-parallel-original, 2048, 2500000, 0.537388
sse-bit-parallel-better, 2048, 2500000, 0.422538
sse-harley-seal, 2048, 2500000, 0.191681
sse-lookup, 2048, 2500000, 0.213992
sse-lookup-original, 2048, 2500000, 0.378840
avx2-lookup, 2048, 2500000, 0.131973
avx2-lookup-original, 2048, 2500000, 0.276496
avx2-harley-seal, 2048, 2500000, 0.107590
cpu, 2048, 2500000, 0.183218
sse-cpu, 2048, 2500000, 0.231873
avx2-cpu, 2048, 2500000, 0.269332
avx512-harley-seal, 2048, 2500000, 0.067208
avx512bw-shuf, 2048, 2500000, 0.175705
builtin-popcnt, 2048, 2500000, 0.262641
builtin-popcnt32, 2048, 2500000, 0.700876
builtin-popcnt-unrolled, 2048, 2500000, 0.251487
builtin-popcnt-unrolled32, 2048, 2500000, 0.415529
builtin-popcnt-unrolled-errata, 2048, 2500000, 0.170201
builtin-popcnt-unrolled-errata-manual, 2048, 2500000, 0.211265
builtin-popcnt-movdq, 2048, 2500000, 0.243515
builtin-popcnt-movdq-unrolled, 2048, 2500000, 0.208378
builtin-popcnt-movdq-unrolled_manual, 2048, 2500000, 0.229783
lookup-8, 4096, 1250000, 1.330475
lookup-64, 4096, 1250000, 1.333654
bit-parallel, 4096, 1250000, 1.367876
bit-parallel-optimized, 4096, 1250000, 0.896817
bit-parallel-optimized2, 4096, 1250000, 0.563266
bit-parallel-mul, 4096, 1250000, 0.839355
bit-parallel32, 4096, 1250000, 2.236652
bit-parallel-optimized32, 4096, 1250000, 1.659267
harley-seal, 4096, 1250000, 0.378553
sse-bit-parallel, 4096, 1250000, 0.439846
sse-bit-parallel-original, 4096, 1250000, 0.532476
sse-bit-parallel-better, 4096, 1250000, 0.383352
sse-harley-seal, 4096, 1250000, 0.183079
sse-lookup, 4096, 1250000, 0.212314
sse-lookup-original, 4096, 1250000, 0.358681
avx2-lookup, 4096, 1250000, 0.127246
avx2-lookup-original, 4096, 1250000, 0.273315
avx2-harley-seal, 4096, 1250000, 0.097478
cpu, 4096, 1250000, 0.173987
sse-cpu, 4096, 1250000, 0.228997
avx2-cpu, 4096, 1250000, 0.257225
avx512-harley-seal, 4096, 1250000, 0.048301
avx512bw-shuf, 4096, 1250000, 0.143630
builtin-popcnt, 4096, 1250000, 0.251160
builtin-popcnt32, 4096, 1250000, 0.699027
builtin-popcnt-unrolled, 4096, 1250000, 0.255618
builtin-popcnt-unrolled32, 4096, 1250000, 0.407952
builtin-popcnt-unrolled-errata, 4096, 1250000, 0.167515
builtin-popcnt-unrolled-errata-manual, 4096, 1250000, 0.215608
builtin-popcnt-movdq, 4096, 1250000, 0.237729
builtin-popcnt-movdq-unrolled, 4096, 1250000, 0.196944
builtin-popcnt-movdq-unrolled_manual, 4096, 1250000, 0.217160
lookup-8, 32, 100000000, 0.979619
lookup-64, 32, 100000000, 0.959616
bit-parallel, 32, 100000000, 1.065414
bit-parallel-optimized, 32, 100000000, 0.749328
bit-parallel-optimized2, 32, 100000000, 1.818055
bit-parallel-mul, 32, 100000000, 0.648964
bit-parallel32, 32, 100000000, 1.497658
bit-parallel-optimized32, 32, 100000000, 1.158087
harley-seal, 32, 100000000, 0.869375
sse-bit-parallel, 32, 100000000, 2.093400
sse-bit-parallel-original, 32, 100000000, 0.901016
sse-bit-parallel-better, 32, 100000000, 1.956190
sse-harley-seal, 32, 100000000, 0.884779
sse-lookup, 32, 100000000, 0.374178
sse-lookup-original, 32, 100000000, 1.229691
avx2-lookup, 32, 100000000, 0.398340
avx2-lookup-original, 32, 100000000, 2.042581
avx2-harley-seal, 32, 100000000, 0.853497
cpu, 32, 100000000, 0.309195
sse-cpu, 32, 100000000, 2.204774
avx2-cpu, 32, 100000000, 2.286078
avx512-harley-seal, 32, 100000000, 2.999118
avx512bw-shuf, 32, 100000000, 2.430374
builtin-popcnt, 32, 100000000, 0.181085
builtin-popcnt32, 32, 100000000, 0.379705
builtin-popcnt-unrolled, 32, 100000000, 0.257928
builtin-popcnt-unrolled32, 32, 100000000, 0.349829
builtin-popcnt-unrolled-errata, 32, 100000000, 0.231753
builtin-popcnt-unrolled-errata-manual, 32, 100000000, 0.334715
builtin-popcnt-movdq, 32, 100000000, 0.180271
builtin-popcnt-movdq-unrolled, 32, 100000000, 0.271329
builtin-popcnt-movdq-unrolled_manual, 32, 100000000, 0.362502
lookup-8, 64, 50000000, 0.904069
lookup-64, 64, 50000000, 0.897116
bit-parallel, 64, 50000000, 0.990036
bit-parallel-optimized, 64, 50000000, 0.657906
bit-parallel-optimized2, 64, 50000000, 0.554820
bit-parallel-mul, 64, 50000000, 0.570275
bit-parallel32, 64, 50000000, 1.445417
bit-parallel-optimized32, 64, 50000000, 1.096747
harley-seal, 64, 50000000, 0.699101
sse-bit-parallel, 64, 50000000, 1.616774
sse-bit-parallel-original, 64, 50000000, 0.568178
sse-bit-parallel-better, 64, 50000000, 1.541402
sse-harley-seal, 64, 50000000, 0.566734
sse-lookup, 64, 50000000, 0.258213
sse-lookup-original, 64, 50000000, 0.703042
avx2-lookup, 64, 50000000, 0.239645
avx2-lookup-original, 64, 50000000, 0.944767
avx2-harley-seal, 64, 50000000, 0.481649
cpu, 64, 50000000, 0.206010
sse-cpu, 64, 50000000, 0.224436
avx2-cpu, 64, 50000000, 1.721867
avx512-harley-seal, 64, 50000000, 0.619796
avx512bw-shuf, 64, 50000000, 1.878653
builtin-popcnt, 64, 50000000, 0.231944
builtin-popcnt32, 64, 50000000, 0.382694
builtin-popcnt-unrolled, 64, 50000000, 0.206370
builtin-popcnt-unrolled32, 64, 50000000, 0.290458
builtin-popcnt-unrolled-errata, 64, 50000000, 0.167915
builtin-popcnt-unrolled-errata-manual, 64, 50000000, 0.231885
builtin-popcnt-movdq, 64, 50000000, 0.154542
builtin-popcnt-movdq-unrolled, 64, 50000000, 0.193141
builtin-popcnt-movdq-unrolled_manual, 64, 50000000, 0.234262
lookup-8, 128, 25000000, 1.038235
lookup-64, 128, 25000000, 1.005589
bit-parallel, 128, 25000000, 0.916356
bit-parallel-optimized, 128, 25000000, 0.613021
bit-parallel-optimized2, 128, 25000000, 0.502927
bit-parallel-mul, 128, 25000000, 0.537288
bit-parallel32, 128, 25000000, 1.417434
bit-parallel-optimized32, 128, 25000000, 1.061966
harley-seal, 128, 25000000, 0.524183
sse-bit-parallel, 128, 25000000, 0.958150
sse-bit-parallel-original, 128, 25000000, 0.421650
sse-bit-parallel-better, 128, 25000000, 0.872645
sse-harley-seal, 128, 25000000, 0.409214
sse-lookup, 128, 25000000, 0.173847
sse-lookup-original, 128, 25000000, 0.432390
avx2-lookup, 128, 25000000, 0.170625
avx2-lookup-original, 128, 25000000, 0.627273
avx2-harley-seal, 128, 25000000, 0.306347
cpu, 128, 25000000, 0.142707
sse-cpu, 128, 25000000, 0.183365
avx2-cpu, 128, 25000000, 0.230147
avx512-harley-seal, 128, 25000000, 0.354378
avx512bw-shuf, 128, 25000000, 0.979698
builtin-popcnt, 128, 25000000, 0.219360
builtin-popcnt32, 128, 25000000, 0.606876
builtin-popcnt-unrolled, 128, 25000000, 0.184766
builtin-popcnt-unrolled32, 128, 25000000, 0.264714
builtin-popcnt-unrolled-errata, 128, 25000000, 0.128851
builtin-popcnt-unrolled-errata-manual, 128, 25000000, 0.180299
builtin-popcnt-movdq, 128, 25000000, 0.146420
builtin-popcnt-movdq-unrolled, 128, 25000000, 0.154586
builtin-popcnt-movdq-unrolled_manual, 128, 25000000, 0.187673
lookup-8, 256, 12500000, 0.932942
lookup-64, 256, 12500000, 0.912421
bit-parallel, 256, 12500000, 0.881682
bit-parallel-optimized, 256, 12500000, 0.585562
bit-parallel-optimized2, 256, 12500000, 0.559271
bit-parallel-mul, 256, 12500000, 0.625349
bit-parallel32, 256, 12500000, 1.404060
bit-parallel-optimized32, 256, 12500000, 1.045819
harley-seal, 256, 12500000, 0.347099
sse-bit-parallel, 256, 12500000, 0.590681
sse-bit-parallel-original, 256, 12500000, 0.357105
sse-bit-parallel-better, 256, 12500000, 0.548395
sse-harley-seal, 256, 12500000, 0.195374
sse-lookup, 256, 12500000, 0.147920
sse-lookup-original, 256, 12500000, 0.315427
avx2-lookup, 256, 12500000, 0.123486
avx2-lookup-original, 256, 12500000, 0.404289
avx2-harley-seal, 256, 12500000, 0.216551
cpu, 256, 12500000, 0.114381
sse-cpu, 256, 12500000, 0.163630
avx2-cpu, 256, 12500000, 0.196261
avx512-harley-seal, 256, 12500000, 0.224918
avx512bw-shuf, 256, 12500000, 0.531280
builtin-popcnt, 256, 12500000, 0.256224
builtin-popcnt32, 256, 12500000, 0.508372
builtin-popcnt-unrolled, 256, 12500000, 0.168457
builtin-popcnt-unrolled32, 256, 12500000, 0.253668
builtin-popcnt-unrolled-errata, 256, 12500000, 0.109501
builtin-popcnt-unrolled-errata-manual, 256, 12500000, 0.154746
builtin-popcnt-movdq, 256, 12500000, 0.148315
builtin-popcnt-movdq-unrolled, 256, 12500000, 0.136495
builtin-popcnt-movdq-unrolled_manual, 256, 12500000, 0.151452
lookup-8, 512, 10000000, 1.405866
lookup-64, 512, 10000000, 1.403095
bit-parallel, 512, 10000000, 1.383749
bit-parallel-optimized, 512, 10000000, 0.913910
bit-parallel-optimized2, 512, 10000000, 0.591565
bit-parallel-mul, 512, 10000000, 0.915589
bit-parallel32, 512, 10000000, 2.235582
bit-parallel-optimized32, 512, 10000000, 1.660701
harley-seal, 512, 10000000, 0.464081
sse-bit-parallel, 512, 10000000, 0.666475
sse-bit-parallel-original, 512, 10000000, 0.522748
sse-bit-parallel-better, 512, 10000000, 0.611296
sse-harley-seal, 512, 10000000, 0.242553
sse-lookup, 512, 10000000, 0.224155
sse-lookup-original, 512, 10000000, 0.425040
avx2-lookup, 512, 10000000, 0.162733
avx2-lookup-original, 512, 10000000, 0.361850
avx2-harley-seal, 512, 10000000, 0.167645
cpu, 512, 10000000, 0.168642
sse-cpu, 512, 10000000, 0.244548
avx2-cpu, 512, 10000000, 0.288742
avx512-harley-seal, 512, 10000000, 0.257493
avx512bw-shuf, 512, 10000000, 0.465891
builtin-popcnt, 512, 10000000, 0.322457
builtin-popcnt32, 512, 10000000, 0.756727
builtin-popcnt-unrolled, 512, 10000000, 0.259487
builtin-popcnt-unrolled32, 512, 10000000, 0.466685
builtin-popcnt-unrolled-errata, 512, 10000000, 0.167915
builtin-popcnt-unrolled-errata-manual, 512, 10000000, 0.227409
builtin-popcnt-movdq, 512, 10000000, 0.277011
builtin-popcnt-movdq-unrolled, 512, 10000000, 0.204508
builtin-popcnt-movdq-unrolled_manual, 512, 10000000, 0.233861
lookup-8, 1024, 5000000, 1.363331
lookup-64, 1024, 5000000, 1.362683
bit-parallel, 1024, 5000000, 1.370187
bit-parallel-optimized, 1024, 5000000, 0.902487
bit-parallel-optimized2, 1024, 5000000, 0.578861
bit-parallel-mul, 1024, 5000000, 0.872488
bit-parallel32, 1024, 5000000, 2.230217
bit-parallel-optimized32, 1024, 5000000, 1.654198
harley-seal, 1024, 5000000, 0.414662
sse-bit-parallel, 1024, 5000000, 0.563113
sse-bit-parallel-original, 1024, 5000000, 0.495082
sse-bit-parallel-better, 1024, 5000000, 0.496371
sse-harley-seal, 1024, 5000000, 0.208944
sse-lookup, 1024, 5000000, 0.217110
sse-lookup-original, 1024, 5000000, 0.383964
avx2-lookup, 1024, 5000000, 0.139031
avx2-lookup-original, 1024, 5000000, 0.302032
avx2-harley-seal, 1024, 5000000, 0.127363
cpu, 1024, 5000000, 0.199499
sse-cpu, 1024, 5000000, 0.235755
avx2-cpu, 1024, 5000000, 0.275361
avx512-harley-seal, 1024, 5000000, 0.093574
avx512bw-shuf, 1024, 5000000, 0.285167
builtin-popcnt, 1024, 5000000, 0.286823
builtin-popcnt32, 1024, 5000000, 0.726896
builtin-popcnt-unrolled, 1024, 5000000, 0.253444
builtin-popcnt-unrolled32, 1024, 5000000, 0.435059
builtin-popcnt-unrolled-errata, 1024, 5000000, 0.177891
builtin-popcnt-unrolled-errata-manual, 1024, 5000000, 0.216624
builtin-popcnt-movdq, 1024, 5000000, 0.254651
builtin-popcnt-movdq-unrolled, 1024, 5000000, 0.232262
builtin-popcnt-movdq-unrolled_manual, 1024, 5000000, 0.251867
lookup-8, 2048, 2500000, 1.341600
lookup-64, 2048, 2500000, 1.342374
bit-parallel, 2048, 2500000, 1.363153
bit-parallel-optimized, 2048, 2500000, 0.896754
bit-parallel-optimized2, 2048, 2500000, 0.571594
bit-parallel-mul, 2048, 2500000, 0.851254
bit-parallel32, 2048, 2500000, 2.271834
bit-parallel-optimized32, 2048, 2500000, 1.671961
harley-seal, 2048, 2500000, 0.390933
sse-bit-parallel, 2048, 2500000, 0.472372
sse-bit-parallel-original, 2048, 2500000, 0.536502
sse-bit-parallel-better, 2048, 2500000, 0.423644
sse-harley-seal, 2048, 2500000, 0.191728
sse-lookup, 2048, 2500000, 0.214772
sse-lookup-original, 2048, 2500000, 0.378241
avx2-lookup, 2048, 2500000, 0.132258
avx2-lookup-original, 2048, 2500000, 0.277157
avx2-harley-seal, 2048, 2500000, 0.112185
cpu, 2048, 2500000, 0.183284
sse-cpu, 2048, 2500000, 0.231147
avx2-cpu, 2048, 2500000, 0.272285
avx512-harley-seal, 2048, 2500000, 0.071810
avx512bw-shuf, 2048, 2500000, 0.174762
builtin-popcnt, 2048, 2500000, 0.262476
builtin-popcnt32, 2048, 2500000, 0.701582
builtin-popcnt-unrolled, 2048, 2500000, 0.250523
builtin-popcnt-unrolled32, 2048, 2500000, 0.415265
builtin-popcnt-unrolled-errata, 2048, 2500000, 0.170215
builtin-popcnt-unrolled-errata-manual, 2048, 2500000, 0.211149
builtin-popcnt-movdq, 2048, 2500000, 0.243538
builtin-popcnt-movdq-unrolled, 2048, 2500000, 0.208296
builtin-popcnt-movdq-unrolled_manual, 2048, 2500000, 0.229719
lookup-8, 4096, 1250000, 1.330347
lookup-64, 4096, 1250000, 1.334043
bit-parallel, 4096, 1250000, 1.367852
bit-parallel-optimized, 4096, 1250000, 0.896747
bit-parallel-optimized2, 4096, 1250000, 0.563679
bit-parallel-mul, 4096, 1250000, 0.838929
bit-parallel32, 4096, 1250000, 2.236191
bit-parallel-optimized32, 4096, 1250000, 1.659760
harley-seal, 4096, 1250000, 0.378286
sse-bit-parallel, 4096, 1250000, 0.442952
sse-bit-parallel-original, 4096, 1250000, 0.532436
sse-bit-parallel-better, 4096, 1250000, 0.382891
sse-harley-seal, 4096, 1250000, 0.183406
sse-lookup, 4096, 1250000, 0.212207
sse-lookup-original, 4096, 1250000, 0.358826
avx2-lookup, 4096, 1250000, 0.127237
avx2-lookup-original, 4096, 1250000, 0.271531
avx2-harley-seal, 4096, 1250000, 0.097487
cpu, 4096, 1250000, 0.174029
sse-cpu, 4096, 1250000, 0.229011
avx2-cpu, 4096, 1250000, 0.257770
avx512-harley-seal, 4096, 1250000, 0.048319
avx512bw-shuf, 4096, 1250000, 0.144942
builtin-popcnt, 4096, 1250000, 0.251017
builtin-popcnt32, 4096, 1250000, 0.699458
builtin-popcnt-unrolled, 4096, 1250000, 0.257182
builtin-popcnt-unrolled32, 4096, 1250000, 0.408213
builtin-popcnt-unrolled-errata, 4096, 1250000, 0.167517
builtin-popcnt-unrolled-errata-manual, 4096, 1250000, 0.215735
builtin-popcnt-movdq, 4096, 1250000, 0.237342
builtin-popcnt-movdq-unrolled, 4096, 1250000, 0.196896
builtin-popcnt-movdq-unrolled_manual, 4096, 1250000, 0.216977
